,text,id,created_at,coder1.Sentiment....1.negative..0.neutral..1.positive.,coder1.Political...0.no..1.yes.,coder1.Ideology....1.liberal..0.neutral..1.conservative.,coder1.Immigration,coder1.Macroeconomic.Policy...Taxes..Gov..Spending..Wall.St...Jobs..Trade..Infrastructure..Labor.,coder1.National.Security..Veterans..Military..Foreign.Terrorism.,coder1.Crime...Law.Enforcement..Police..Guns..Second.Amendment.,coder1.Civil.Rights..Race..LGBT.issues..Abortion..Gender.issues.,coder1.Environment...Energy..Global.warming..Fracking..Agriculture..Oil.,coder1.Education,coder1.Health.Care..Obamacare.,coder1.Governance,coder1.No.Policy.Content,coder1.Asks.for.Donation.Asks.you.to.buy.something.to.support.campaign,coder1.Asks.you.to.watch.something.share.something.follow.something,coder1.Misc..other.plea.for.action,coder1.Makes.a.Factual.or.Verifiable.Claim,coder1.Expresses.an.Opinion,coder1.coder,coder2.Sentiment....1.negative..0.neutral..1.positive.,coder2.Political...0.no..1.yes.,coder2.Ideology....1.liberal..0.neutral..1.conservative.,coder2.Immigration,coder2.Macroeconomic.Policy...Taxes..Gov..Spending..Wall.St...Jobs..Trade..Infrastructure..Labor.,coder2.National.Security..Veterans..Military..Foreign.Terrorism.,coder2.Crime...Law.Enforcement..Police..Guns..Second.Amendment.,coder2.Civil.Rights..Race..LGBT.issues..Abortion..Gender.issues.,coder2.Environment...Energy..Global.warming..Fracking..Agriculture..Oil.,coder2.Education,coder2.Health.Care..Obamacare.,coder2.Governance,coder2.No.Policy.Content,coder2.Asks.for.Donation.Asks.you.to.buy.something.to.support.campaign,coder2.Asks.you.to.watch.something.share.something.follow.something,coder2.Misc..other.plea.for.action,coder2.Makes.a.Factual.or.Verifiable.Claim,coder2.Expresses.an.Opinion,coder.y,src,X
1,.@BuzzFeed: New York Republican Crowd Rejects @tedcruz https://t.co/wvpiDkmGWX,721025147721891840,4/15/2016 17:19:25,-1,1,-1,0,0,0,0,0,0,0,0,0,1,0,0,0,0,1,brittany ,0,1,0,0,0,0,0,0,0,0,0,0,1,0,0,0,1,0,christopher,brittanychristopher,0
2,".@Fehertwit to #Trump: ""Are you less a**holey than you were before?"" https://t.co/0A31TCsVzP",755223994828193792,7/19/2016 2:13:26,-1,1,-1,0,0,0,0,0,0,0,0,0,1,0,0,0,0,1,brittany ,-1,1,-1,0,0,0,0,0,0,0,0,0,1,0,0,0,0,1,christopher,brittanychristopher,0
3,".@HillaryClinton it's ""not whether or not you get knocked down, it's whether you get back up."" #DemDebate http://t.co/okZLB3qh5P",654131992045465600,10/14/2015 3:09:54,0,1,-1,0,0,0,0,0,0,0,0,0,1,0,0,0,0,1,brittany ,1,1,-1,0,0,0,0,0,0,0,0,0,1,0,0,0,0,1,christopher,brittanychristopher,0
4,".@Hillaryclinton made history this week, dont miss it in this weeks #FridayHotTakes
https://t.co/XK7lSRatPu",695671066962763776,2/5/2016 18:11:21,1,1,-1,0,0,0,0,0,0,0,0,0,1,0,1,0,0,1,brittany ,1,0,0,0,0,0,0,0,0,0,0,0,1,0,0,1,0,1,christopher,brittanychristopher,0
5,.@HuffPostPol: Marco Rubio Just Lost To Donald Trump For The Fourth Time In A Row https://t.co/yXZ69AoAfK,702622036410159104,2/24/2016 22:32:02,0,1,1,0,0,0,0,0,0,0,0,0,1,0,0,0,1,0,brittany ,-1,1,-1,0,0,0,0,0,0,0,0,0,1,0,0,0,1,0,christopher,brittanychristopher,0
6,".@marcorubio we're pretty sure women understand how a bank account works.
https://t.co/SHGJHRA85o",659762170373115904,10/29/2015 16:02:13,-1,1,0,0,0,0,0,0,0,0,0,0,1,0,0,0,0,1,brittany ,-1,1,0,0,0,0,0,0,0,0,0,0,1,0,0,0,0,1,christopher,brittanychristopher,0
7,.@marcorubio's misuse of the FL @GOP credit card is only the beginning. https://t.co/7W53mmxtBw,662762890932436992,11/6/2015 22:46:01,-1,1,0,0,0,0,0,0,0,0,0,0,1,0,0,0,1,0,brittany ,-1,1,0,0,0,0,0,0,0,0,0,0,1,0,0,0,0,1,christopher,brittanychristopher,0
8,".@realdonaldtrump  claims he could shoot someone &amp; still keep his support.
https://t.co/1cUC3ZvXyi",697489493968818176,2/10/2016 18:37:08,-1,1,0,0,0,0,0,0,0,0,0,0,1,0,0,0,1,0,brittany ,-1,1,0,0,0,0,0,0,0,0,0,0,1,0,0,0,1,0,christopher,brittanychristopher,0
9,".@realDonaldTrump on racial profiling: ""Do we have a choice?"" https://t.co/hlFW6xUrbK",777835474316619776,9/19/2016 11:43:23,0,1,1,0,0,0,0,1,0,0,0,0,0,0,0,0,0,1,brittany ,-1,1,0,0,0,0,0,1,0,0,0,0,0,0,0,0,1,0,christopher,brittanychristopher,0
10,".@tedcruz ""faced only muted criticism"" from the @GOP for his call to ""patrol and secure Muslim neighborhoods"" https://t.co/G2STmpJrIa",712728255204298752,3/23/2016 19:50:32,0,1,0,0,0,1,0,0,0,0,0,0,0,0,0,0,0,1,brittany ,0,1,1,0,0,1,0,0,0,0,0,0,0,0,0,0,1,0,christopher,brittanychristopher,0
11,"""His flamboyant present overwrites his distressing past. Its the eternal sunshine of the spotless @realDonaldTrump""
https://t.co/WKd7VCJsDh",700363050117787648,2/18/2016 16:55:37,-1,1,0,0,0,0,0,0,0,0,0,0,1,0,0,0,0,1,brittany ,1,1,1,0,0,0,0,0,0,0,0,0,1,0,0,0,0,1,christopher,brittanychristopher,0
12,"""I don't believe anything Telemundo says"" - Trump #GOPDebate",703041748810010624,2/26/2016 2:19:49,0,1,1,0,0,0,0,0,0,0,0,0,1,0,0,0,0,1,brittany ,-1,1,1,0,0,0,0,0,0,0,0,0,1,0,0,0,0,1,christopher,brittanychristopher,0
13,@jsflegal Get your FREE #CrookedHillary bumper sticker today! https://t.co/fPLtgFc5ix,779051804537462784,9/22/2016 20:16:38,-1,1,1,0,0,0,0,0,0,0,0,0,1,0,0,0,1,0,brittany ,-1,1,1,0,0,0,0,0,0,0,0,0,1,0,0,1,0,1,christopher,brittanychristopher,0
14,@KennedyNation @KimKimmwaters @mkhammer I'm inclined to agree. She did great!,696184867097194496,2/7/2016 4:13:01,1,1,1,0,0,0,0,0,0,0,0,0,1,0,0,0,0,1,brittany ,1,1,1,0,0,0,0,0,0,0,0,0,1,0,0,0,0,1,christopher,brittanychristopher,0
15,"@TeamTrumpNC @cb_akardi @DanScavino Your ignorance of the issues proves you are no conservative. Stick with your lifelong democrat, Trump.",718488347706982400,4/8/2016 17:19:05,-1,1,1,0,0,0,0,0,0,0,0,0,1,0,0,0,0,1,brittany ,-1,1,1,0,0,0,0,0,0,0,0,0,1,0,0,0,0,1,christopher,brittanychristopher,0
16,#BREAKING: @HillaryClinton wins #ARPrimary #SuperTuesday https://t.co/A3k4YRdiPO,704842983695327232,3/2/2016 1:37:17,0,1,-1,0,0,0,0,0,0,0,0,0,1,0,0,0,1,0,brittany ,1,1,-1,0,0,0,0,0,0,0,0,0,1,0,0,0,1,0,christopher,brittanychristopher,0
17,"#Flint's water had 900x more lead than the EPA limit.
And more you didn't know about Flint: https://t.co/gSh3GxL5u3 https://t.co/0baOTMlApE",697559194203860992,2/10/2016 23:14:06,0,1,0,0,0,0,0,0,0,0,0,1,0,0,0,0,1,0,brittany ,-1,0,0,0,0,0,0,0,1,0,0,0,0,0,0,1,1,0,christopher,brittanychristopher,0
18,#Trump just played two lies and a truth with the American people. https://t.co/w13HGyauiD,776832119163138048,9/16/2016 17:16:24,-1,1,0,0,0,0,0,0,0,0,0,0,1,0,0,0,1,0,brittany ,-1,1,-1,0,0,0,0,0,0,0,0,0,1,0,0,0,0,1,christopher,brittanychristopher,0
19,#TrumpLies  https://t.co/fbl0cveq03,763534313849663488,8/11/2016 0:35:40,-1,1,0,0,0,0,0,0,0,0,0,0,1,0,0,0,1,0,brittany ,-1,1,-1,0,0,0,0,0,0,0,0,0,1,0,0,1,0,1,christopher,brittanychristopher,0
20,"10 most bald-faced lies from #GOPDebate
5. @tedcruz: G W Bush deported 10 million people. He deported 1.8.
https://t.co/B7HiJ8L6wZ",677553874299842560,12/17/2015 18:20:06,-1,1,0,0,0,0,0,0,0,0,0,0,1,0,0,0,0,1,brittany ,-1,1,0,1,0,0,0,0,0,0,0,0,0,0,0,0,1,0,christopher,brittanychristopher,0
21,"A little girl told @HillaryClinton she was scared that her parents will be deported.
Watch Hillary's response: https://t.co/e1KMbktvw9",700339235837050880,2/18/2016 15:21:00,0,1,-1,1,0,0,0,0,0,0,0,0,0,0,1,0,0,1,brittany ,1,1,-1,0,0,0,0,0,0,0,0,0,1,0,1,0,0,1,christopher,brittanychristopher,0
22,A streetcar-wreck named the #GOPDebate: WATCH: https://t.co/ejLDrxYtwH,705869195574050816,3/4/2016 21:35:05,-1,1,-1,0,0,0,0,0,0,0,0,0,1,0,1,0,0,1,brittany ,-1,1,0,0,0,0,0,0,0,0,0,0,1,0,1,0,0,1,christopher,brittanychristopher,0
23,Alaska is with @HillaryClinton #ImWithHer #AKcaucus https://t.co/ZhKeUn0XRr,713781073243545600,3/26/2016 17:34:03,0,1,-1,0,0,0,0,0,0,0,0,0,1,0,0,0,1,0,brittany ,1,1,-1,0,0,0,0,0,0,0,0,0,1,0,0,0,1,0,christopher,brittanychristopher,0
24,Are you in Southern Iowa? Go out and visit with @govmikehuckabee at one of his campaign stops! http://t.co/yBZBgWSmLg,614085674312974336,6/25/2015 15:00:08,0,1,1,0,0,0,0,0,0,0,0,0,1,0,0,1,0,1,brittany ,1,1,1,0,0,0,0,0,0,0,0,0,1,0,0,1,0,1,christopher,brittanychristopher,0
25,Daily reminder that @realDonaldTrump is disgusting. https://t.co/csPxXuaHfg,781560702108434432,9/29/2016 18:26:06,-1,1,0,0,0,0,0,0,0,0,0,0,1,0,0,0,0,1,brittany ,-1,1,0,0,0,0,0,0,0,0,0,0,1,0,0,0,0,1,christopher,brittanychristopher,0
26,Donald Trump's support deeper than it looks - POLITICO https://t.co/5XhlNTbZaI,719894418849980416,4/12/2016 14:26:19,0,1,1,0,0,0,0,0,0,0,0,0,1,0,0,0,0,1,brittany ,0,1,0,0,0,0,0,0,0,0,0,0,1,0,0,0,1,0,christopher,brittanychristopher,0
27,Former GOP Governor of Michigan William Milliken endorses @HillaryClinton: https://t.co/5W0KLBOiH1 #StrongerTogether,762759558020239360,8/8/2016 21:17:04,0,1,-1,0,0,0,0,0,0,0,0,0,1,0,0,0,1,0,brittany ,1,1,-1,0,0,0,0,0,0,0,0,0,1,0,0,0,1,0,christopher,brittanychristopher,0
28,FREE Spaghetti Supper this Sunday in Davenport w/ special guest Bobby Jindal! Get details and RSVP: https://t.co/CSvhFq0hw3 #IAPolitics,619873933744078848,7/11/2015 14:20:37,0,1,1,0,0,0,0,0,0,0,0,0,1,0,0,1,0,1,brittany ,1,1,1,0,0,0,0,0,0,0,0,0,1,0,0,1,0,1,christopher,brittanychristopher,0
29,Graham belittles Paul on foreign policy http://t.co/QERAbnLHU0 #tcot,610452897340391424,6/15/2015 14:24:47,-1,1,1,0,0,0,0,0,0,0,0,0,1,0,0,0,0,1,brittany ,0,1,0,0,0,1,0,0,0,0,0,0,0,0,0,0,1,0,christopher,brittanychristopher,0
30,ICYMI: @mike_pence is just as discriminatory as @realDonaldTrump. https://t.co/Mo5GTyHItf via @glaad,783406341255602176,10/4/2016 20:40:01,-1,1,-1,0,0,0,0,1,0,0,0,0,0,0,0,0,0,1,brittany ,-1,1,-1,0,0,0,0,1,0,0,0,0,1,0,0,0,0,1,christopher,brittanychristopher,0
31,"Is chaos coming to the @GOP? Short answer: yes. Watch our Friday #HotTakes for more.
https://t.co/F7OKTHEB47",718521838138040320,4/8/2016 19:32:10,-1,1,-1,0,0,0,0,0,0,0,0,0,1,0,1,0,0,1,brittany ,-1,1,0,0,0,0,0,0,0,0,0,0,1,0,1,0,0,1,christopher,brittanychristopher,0
32,Jeb is speaking #ForeignPolicy tonight! Tonight he will be laying out his plan to bring America to the forefront http://t.co/8sEZVX5jXf,631275516222308352,8/12/2015 1:26:26,0,1,1,0,0,0,0,0,0,0,0,0,1,0,0,0,1,0,brittany ,1,1,1,0,0,1,0,0,0,0,0,0,0,0,0,1,1,0,christopher,brittanychristopher,0
33,Marco Rubio is the conservative that can win in November. #SCPrimary #SCPolitics #Marcomentum  https://t.co/HCLhJ9uRJe,701065193095172096,2/20/2016 15:25:41,0,1,1,0,0,0,0,0,0,0,0,0,1,0,0,0,0,1,brittany ,1,1,1,0,0,0,0,0,0,0,0,0,1,0,0,0,0,1,christopher,brittanychristopher,0
34,"Martin O'Malley: a leader with bold ideas to combat climate change, who isn't afraid to make the hard choices http://t.co/v0Dkg5ILAV",626055827040899072,7/28/2015 15:45:15,0,1,-1,0,0,0,0,0,1,0,0,0,0,0,0,0,0,1,brittany ,1,1,-1,0,0,0,0,0,1,0,0,0,0,0,0,0,0,1,christopher,brittanychristopher,0
35,"NEW OP-ED by @HillaryClinton: ""Mass incarceration has torn families apart."" https://t.co/HPaVc4uu4A",725693652563939328,4/28/2016 14:30:24,0,1,-1,0,0,0,1,0,0,0,0,0,0,0,0,0,0,1,brittany ,-1,1,-1,1,0,0,0,0,0,0,0,0,0,0,0,1,1,0,christopher,brittanychristopher,0
36,PPs disregard for life is disgusting. We need leaders like @ScottWalker who will stand up for life. #DefundPP http://t.co/OGw2ocEyg6,623607822060814336,7/21/2015 21:37:45,0,1,1,0,0,0,0,1,0,0,0,0,0,0,0,0,0,1,brittany ,-1,1,1,0,0,0,0,1,0,0,0,0,0,0,0,0,0,1,christopher,brittanychristopher,0
37,Read about @HillaryClinton's plan to generate $60 billion by battling corporate loopholes: https://t.co/XGhxSmlcEw via @WSJ,674735536607662080,12/9/2015 23:41:02,0,1,1,0,1,0,0,0,0,0,0,0,0,0,1,0,0,1,brittany ,1,1,-1,0,1,0,0,0,0,0,0,0,0,0,0,1,0,1,christopher,brittanychristopher,0
38,"Read this https://t.co/E0BW5VEkXW &amp; when you're mad as hell, sign petition: https://t.co/Ylu0i1XxKJ #DumpDebbie #FireTheChair #FeelTheBern",730107714400075776,5/10/2016 18:50:18,-1,1,-1,0,0,0,0,0,0,0,0,0,1,0,0,1,0,1,brittany ,-1,1,-1,0,0,0,0,0,0,0,0,0,1,0,0,1,0,1,christopher,brittanychristopher,0
39,RT @2PatriotsUSA: @tedcruz45 @PamelaGeller @THETXEMBASSY @LessGovMoreFun Lets pull together &amp; bring the USA back.,596423176587845632,5/7/2015 21:15:40,0,1,1,0,0,0,0,0,0,0,0,0,1,0,0,0,0,1,brittany ,1,1,1,0,0,0,0,0,0,0,0,0,1,0,0,0,0,1,christopher,brittanychristopher,0
40,RT @BernieSanders: We have the moral responsibility to transform our energy system away from fossil fuels.  https://t.co/YCM1cCmQfM,646798218643304448,9/23/2015 21:28:06,0,1,-1,0,0,0,0,0,1,0,0,0,0,0,0,0,0,1,brittany ,0,1,-1,0,0,0,0,0,1,0,0,0,0,0,0,0,0,1,christopher,brittanychristopher,0
41,RT @BobPort: Ben Carson gets off the 2nd best line: 'Thank you for not asking me what I said in the 10th grade.' #GOPdebate,664269445578231808,11/11/2015 2:32:32,0,1,1,0,0,0,0,0,0,0,0,0,1,0,0,0,0,1,brittany ,1,1,0,0,0,0,0,0,0,0,0,0,1,0,0,0,0,1,christopher,brittanychristopher,0
42,RT @brucereddenjr: .@tedcruz backstage at #SCFreedomSummit #Cruz2016 #CruzCrew http://t.co/FD2xp1qgr2,603797339967332352,5/28/2015 5:37:58,0,1,1,0,0,0,0,0,0,0,0,0,1,0,0,0,1,0,brittany ,1,1,1,0,0,0,0,0,0,0,0,0,1,0,0,0,1,0,christopher,brittanychristopher,0
43,RT @brucereddenjr: .@tedcruz heading into Columbia SC http://t.co/pzmQng5Ilz,603797572658991104,5/28/2015 5:38:53,0,1,1,0,0,0,0,0,0,0,0,0,1,0,0,0,1,0,brittany ,0,1,1,0,0,0,0,0,0,0,0,0,1,0,0,0,1,0,christopher,brittanychristopher,0
44,"RT @CBSPolitics: ""Believe it or not, China is as concerned about Kim Jong Un as we are"" - @CarlyFiorina #GOPdebate",676971174883127296,12/16/2015 3:44:40,0,1,1,0,0,1,0,0,0,0,0,0,0,0,0,0,0,1,brittany ,0,1,1,0,0,1,0,0,0,0,0,0,0,0,0,0,1,0,christopher,brittanychristopher,0
45,RT @Doc_0: Cruz: anyone here who would be bound by catastrophic deal with Iran is giving up their authority as Commander in Chief,644310400746553344,9/17/2015 0:42:24,0,1,1,0,0,1,0,0,0,0,0,0,0,0,0,0,0,1,brittany ,-1,1,1,0,0,1,0,0,0,0,0,0,0,0,0,0,0,1,christopher,brittanychristopher,0
46,RT @FaithandFreedom: The #RTM2015 list of speakers is growing. @DanPatrick @DavidDBenham @JasonBBenham @edgoeas http://t.co/NHdl2FS3uY,596112293563269120,5/7/2015 0:40:20,0,1,1,0,0,0,0,0,0,0,0,0,1,0,0,0,1,0,brittany ,1,1,1,0,0,0,0,0,0,0,0,0,1,0,0,0,1,0,christopher,brittanychristopher,0
47,RT @FoxNews: .@CarlyFiorina slams President @BarackObama's strategy to defeat ISIS. https://t.co/MERqvV3ff1,667115897333686272,11/18/2015 23:03:18,-1,1,1,0,0,1,0,0,0,0,0,0,0,0,0,0,0,1,brittany ,0,1,1,0,0,1,0,0,0,0,0,0,0,0,0,0,1,0,christopher,brittanychristopher,0
48,RT @foxnewsalert: BREAKING NEWS: Senate passes Iran nuclear review bill http://t.co/ZCwe3oy1mG,596391234463137792,5/7/2015 19:08:45,0,0,0,0,0,1,0,0,0,0,0,0,0,0,0,0,1,0,brittany ,0,1,0,0,0,1,0,0,0,0,0,0,0,0,0,0,1,0,christopher,brittanychristopher,0
49,"RT @FTR__Radio: ""Today we have another President from Illinois in the White House...and that's where the similarity ends.""  @GovernorPerry",629678156270698496,8/7/2015 15:39:05,0,1,1,0,0,0,0,0,0,0,0,0,1,0,0,0,0,1,brittany ,-1,1,1,0,0,0,0,0,0,0,0,0,1,0,0,0,0,1,christopher,brittanychristopher,0
50,RT @gerfingerpoken2: @tedcruz45 1944 - The IRS and FFRF vs. the Church: My piece on American Thinker.  http://t.co/TCpTBU5fXk,595394055627902976,5/5/2015 1:06:19,0,1,1,0,0,0,0,0,0,0,0,0,1,0,0,0,0,1,brittany ,0,1,1,0,0,0,0,0,0,0,0,1,0,0,0,0,0,1,christopher,brittanychristopher,0
51,"RT @HillaryClinton: Caught your speech, @realDonaldTrump. About that ""woman's card""...
https://t.co/kKaHWISchy",725329118531870720,4/27/2016 14:21:52,-1,1,-1,0,0,0,0,1,0,0,0,0,0,0,0,0,0,1,brittany ,-1,1,-1,0,0,0,0,0,0,0,0,0,1,0,0,0,0,1,christopher,brittanychristopher,0
52,"RT @IStandWithTed: @tedcruz @SenTedCruz @tedcruz45

If #God is for us, who can be against us?#Romans8:31
 
#Constitution #1A #faith http",599587642599034880,5/16/2015 14:50:08,0,1,1,0,0,0,0,0,0,0,0,0,1,0,0,0,0,1,brittany ,1,1,1,0,0,0,0,0,0,0,0,0,1,0,0,0,0,1,christopher,brittanychristopher,0
53,"RT @jstines3: Iran holding Marine Amir Hekmati hostage; therefore, Iran is holding our very FLAG! 

#FreeAmirNow
#PJNET http://t.co/Rq3Dkhp",591228992742535168,4/23/2015 13:15:51,0,0,0,0,0,1,0,0,0,0,0,0,0,0,0,0,0,1,brittany ,-1,1,0,0,0,1,0,0,0,0,0,0,0,0,0,0,0,1,christopher,brittanychristopher,0
54,RT @JustinJCMyers: Wow. Bobby Jindal was just incredible. Best speech today. #Dream15,634830458950447104,8/21/2015 20:52:30,1,1,1,0,1,0,0,0,0,0,0,0,0,0,0,0,0,1,brittany ,1,1,1,0,0,0,0,0,0,0,0,0,1,0,0,0,0,1,christopher,brittanychristopher,0
55,"RT @KellyannePolls: TV, the old king of U.S. politics, faces mortality https://t.co/3jrpnwlHAB via @usatoday",682401940840550400,12/31/2015 3:24:35,0,1,1,0,0,0,0,0,0,0,0,0,1,0,0,0,0,1,brittany ,-1,1,1,0,0,0,0,0,0,0,0,0,1,0,0,0,0,1,christopher,brittanychristopher,0
56,RT @LorettaLepore: .@CarlyFiorina had some of the best moments of the #GOPDebate. You can watch them all here: https://t.co/jBMG70BX4k #Car,677229617632165888,12/16/2015 20:51:37,1,1,1,0,0,0,0,0,0,0,0,0,1,0,1,0,0,1,brittany ,1,1,1,0,0,0,0,0,0,0,0,0,1,0,1,0,0,1,christopher,brittanychristopher,0
57,"RT @LTHProject: In our latest video, Elaine explains why @HillaryClinton was the best boss she's ever had: https://t.co/4nwWYQiMua",661556567070916608,11/3/2015 14:52:31,1,1,-1,0,0,0,0,0,0,0,0,0,1,0,0,0,1,0,brittany ,1,1,-1,0,0,0,0,0,0,0,0,0,1,0,0,1,0,1,christopher,brittanychristopher,0
58,RT @megynkelly: .@ChrisStirewalt on @realBenCarson: His closing statement was dynamite. #GOPDebate #KellyFile,664317922664411136,11/11/2015 5:45:09,1,1,1,0,0,0,0,0,0,0,0,0,1,0,0,0,0,1,brittany ,1,1,1,0,0,0,0,0,0,0,0,0,1,0,0,0,0,1,christopher,brittanychristopher,0
59,RT @mic: A GoFundMe for #Orlando shooting victims has raised nearly $1 million and counting: https://t.co/DrEaN76YjF,742418241381924864,6/13/2016 18:07:56,0,0,0,0,0,0,0,0,0,0,0,0,1,0,0,0,1,0,brittany ,1,0,0,0,0,0,0,0,0,0,0,0,1,0,0,0,1,0,christopher,brittanychristopher,0
60,"RT @nobarriers2016: Tonight: @POTUS, @timkaine, @VP and so much more. #DemsInPhilly #StrongerTogether https://t.co/BwY2zcjPMf",758526089853489152,7/28/2016 4:54:47,0,1,-1,0,0,0,0,0,0,0,0,0,1,0,0,0,1,0,brittany ,1,1,-1,0,0,0,0,0,0,0,0,0,1,0,0,0,1,0,christopher,brittanychristopher,0
61,"RT @QueenBrry: Ben Carson , vote for him !",659891296304168960,10/30/2015 0:35:19,1,1,1,0,0,0,0,0,0,0,0,0,1,0,0,0,0,1,brittany ,1,1,1,0,0,0,0,0,0,0,0,0,1,0,0,1,0,1,christopher,brittanychristopher,0
62,"RT @RealBenCarson: Tonight's #SOTU is the perfect example of why we must reform Washington DC, &amp; give the power back to We the People. http",687114250167271424,1/13/2016 3:29:37,0,1,1,0,0,0,0,0,0,0,0,0,1,0,0,0,0,1,brittany ,0,1,1,0,0,0,0,0,0,0,0,1,0,0,0,0,0,1,christopher,brittanychristopher,0
63,RT @RepRodBlum: Speaking with the @CedarValleyofIA Alliance here in Washington this afternoon. Thanks for visiting! #IA01 http://t.co/HtJ6J,593470750402707456,4/29/2015 17:43:47,1,1,1,0,0,0,0,0,0,0,0,0,1,0,0,0,0,1,brittany ,1,0,1,0,0,0,0,0,0,0,0,0,1,0,0,0,0,1,christopher,brittanychristopher,0
64,"RT @Rosa_DeLauro: Proud to support @HillaryClinton's #DebtFreeCollege Plan. College needs to be affordable &amp; lead to greater opportunities,",635980740841316352,8/25/2015 1:03:19,1,1,-1,0,0,0,0,0,0,1,0,0,0,0,0,0,0,1,brittany ,1,1,-1,0,0,0,0,0,0,1,0,0,0,0,0,0,0,1,christopher,brittanychristopher,0
65,"RT @stefcutter: ""When I saw Trump mock someone with a disability, it showed me his soul....his heart."" https://t.co/OyjrRI7RCg",740236276981452800,6/7/2016 17:37:36,-1,1,-1,0,0,0,0,0,0,0,0,0,1,0,0,0,0,1,brittany ,-1,1,-1,0,0,0,0,0,0,0,0,0,1,0,0,0,0,1,christopher,brittanychristopher,0
66,RT @SteveArnold1610: Dr. Ben Carson: Trump And Cruz Are The Status Quo https://t.co/kybhz7AwzP @dailycaller @draftrunbenrun #WinBenWin #C,698283272120377344,2/12/2016 23:11:20,0,1,1,0,0,0,0,0,0,0,0,0,1,0,0,0,0,1,brittany ,-1,1,1,0,0,0,0,0,0,0,0,0,1,0,0,0,0,1,christopher,brittanychristopher,0
67,RT @taddevine: Why Bernie Would Crush Trump and Why Every Vote For Hillary Puts Trump Closer to the White House https://t.co/sr6NeARWia,708346734519427072,3/11/2016 17:39:56,-1,1,-1,0,0,0,0,0,0,0,0,0,1,0,0,0,0,1,brittany ,-1,1,-1,0,0,0,0,0,0,0,0,0,1,0,0,0,1,0,christopher,brittanychristopher,0
68,"RT @THETXEMBASSY: @tomborelli  @CR great article 

https://t.co/q0mRlKPvyP

#EPA aka #EnviromentalPornAgency 

#AbolishTheEPA  htt",599651097389629440,5/16/2015 19:02:17,1,0,-1,0,0,0,0,0,1,0,0,0,0,0,0,0,0,1,brittany ,0,0,0,0,0,0,0,0,0,0,0,0,0,0,0,0,0,0,christopher,brittanychristopher,0
69,"RT @TPCarney: Earlier, I basically accused Cruz of flip-flopping on ethanol. After further review, I think I was wrong: https://t.co/G1QKIa",685110498380099584,1/7/2016 14:47:26,0,1,0,0,0,0,0,0,0,0,0,0,1,0,0,0,0,1,brittany ,-1,1,1,0,0,0,0,0,1,0,0,0,0,0,0,0,0,1,christopher,brittanychristopher,0
70,Voters deserve to hear from all the candidates. Sign the petition. http://t.co/vGDmzq76If http://t.co/kv6EvukUfY,624325174335115264,7/23/2015 21:08:15,0,0,0,0,0,0,0,0,0,0,0,0,1,0,0,1,0,1,brittany ,1,1,0,0,0,0,0,0,0,0,0,0,1,0,0,1,0,1,christopher,brittanychristopher,0
71,WATCH: @ChrisChristie: We need a Commander In Chief who respects the military and everyone in uniform https://t.co/9Xn0mb5aTM,664925985230487552,11/12/2015 22:01:23,0,1,1,0,0,1,0,0,0,0,0,0,0,0,1,0,0,1,brittany ,0,1,0,0,0,1,0,0,0,0,0,0,0,0,0,0,0,1,christopher,brittanychristopher,0
72,We are ready for @CarlyFiorina at the Stone Soup Cafe! #iacaucus https://t.co/4SAog82nPc,686649067640885248,1/11/2016 20:41:09,1,1,1,0,0,0,0,0,0,0,0,0,1,0,0,0,0,1,brittany ,1,1,1,0,0,0,0,0,0,0,0,0,1,0,0,0,0,1,christopher,brittanychristopher,0
73,Welcome to America @Pontifex #PopeInDC http://t.co/8JEJGMBlNa,646411058735882240,9/22/2015 19:49:40,1,0,0,0,0,0,0,0,0,0,0,0,1,0,0,0,0,1,brittany ,1,0,0,0,0,0,0,0,0,0,0,0,1,0,0,0,0,1,christopher,brittanychristopher,0
74,"Who does @BillClinton want to destroy in the GOP field? Marco Rubio. https://t.co/6ryLnqbsEc #fitn
https://t.co/ziMSgXPlOu",692080609951264768,1/26/2016 20:24:10,-1,1,0,0,0,0,0,0,0,0,0,0,1,0,0,0,0,1,brittany ,-1,1,0,0,0,0,0,0,0,0,0,0,1,0,0,0,0,1,christopher,brittanychristopher,0
75,Will Bondi repeat her already-debunked claims? #RNCinCLE https://t.co/JfS32ATXxi,755923261972774912,7/21/2016 0:32:04,-1,1,1,0,0,0,0,0,0,0,0,0,1,0,0,0,0,1,brittany ,-1,1,0,0,0,0,0,0,0,0,0,0,1,0,0,0,0,1,christopher,brittanychristopher,0
76,.@BenghaziDems: @HouseBenghazi is a taxpayer-funded @GOP attack on @HillaryClinton: http://t.co/zTSkdVv5Ar,651074650349268992,10/5/2015 16:41:07,-1,1,-1,0,0,0,0,0,0,0,0,0,1,0,0,0,0,1,brittany  ,-1,1,-1,0,0,0,0,0,0,0,0,0,1,0,0,0,0,1,christian,christianbrittany,0
77,.@GovMikeHuckabee remember when those govt hard drives were destroyed as you left office? Whatever happened w/that? http://t.co/BAyuHRrAZz,639531724708446208,9/3/2015 20:13:39,-1,1,0,0,0,0,0,0,0,0,0,0,1,0,0,0,0,1,brittany  ,-1,1,0,0,0,0,0,0,0,0,0,0,1,0,0,0,0,1,christian,christianbrittany,0
78,.@HillaryClinton will make the biggest investment in good-paying jobs since World War II. Read her plan: https://t.co/fSedj9Z6uJ,760190876849233920,8/1/2016 19:10:03,0,1,-1,0,1,0,0,0,0,0,0,0,0,0,1,0,0,1,brittany  ,1,1,-1,0,1,0,0,0,0,0,0,0,0,0,1,0,0,1,christian,christianbrittany,0
79,.@marcorubio was one of just two senators who did not vote on on a sweeping tax and spending bill  https://t.co/IMPLavZXWu,678996248091848704,12/21/2015 17:51:35,0,1,1,0,1,0,0,0,0,0,0,0,0,0,0,0,1,0,brittany  ,0,1,1,0,1,0,0,0,0,0,0,0,0,0,0,0,1,0,christian,christianbrittany,0
80,.@politico: Man who pulled protester revealed as Trump security https://t.co/T3vvB5WkxE,711983463239438336,3/21/2016 18:31:00,0,0,1,0,0,0,0,0,0,0,0,0,1,0,0,0,1,0,brittany  ,0,1,0,0,0,0,0,0,0,0,0,0,1,0,0,0,1,0,christian,christianbrittany,0
81,".@PolitiFact: No, GDP growth was not zero, as Donald Trump said in Miami GOP debate https://t.co/x2STHa6oK8",708419343583997952,3/11/2016 22:28:27,0,1,1,0,0,0,0,0,0,0,0,0,1,0,0,0,1,0,brittany  ,-1,1,0,0,1,0,0,0,0,0,0,0,0,0,0,0,1,0,christian,christianbrittany,0
82,".@realDonaldTrump it's your birthday, you're gonna lie if you want to. https://t.co/OpVxXhyTqZ",742836784132825088,6/14/2016 21:51:05,-1,1,0,0,0,0,0,0,0,0,0,0,1,0,0,0,0,1,brittany  ,-1,1,1,0,0,0,0,0,0,0,0,0,1,0,0,0,0,1,christian,christianbrittany,0
83,".@SunSentinel, after endorsing @marcorubio in 2010, calls for his resignation: https://t.co/PNWKkRfBBb",659395975337803776,10/28/2015 15:47:06,0,1,1,0,0,0,0,0,0,0,0,0,1,0,0,0,1,0,brittany  ,0,1,1,0,0,0,0,0,0,0,0,0,1,0,0,0,1,0,christian,christianbrittany,0
84,.@TGowdySC and his GOP committee members are now on defense: https://t.co/mT5QdU1w8p via @HeidiPrzybyla,656614658107797504,10/20/2015 23:35:08,0,1,0,0,0,0,0,0,0,0,0,0,1,0,0,0,0,1,brittany  ,0,1,0,0,0,0,0,0,0,0,0,0,1,0,0,0,1,0,christian,christianbrittany,0
85,".@washingtonpost: ""@RandPaul will filibuster debt ceiling bill"" https://t.co/8pysX3d8Go",659437307976642560,10/28/2015 18:31:20,0,1,1,0,1,0,0,0,0,0,0,0,0,0,0,0,1,0,brittany  ,0,1,0,0,0,0,0,0,0,0,0,0,1,0,0,0,0,1,christian,christianbrittany,0
86,"""It is time for the resources &amp; leadership to ensure that all #HBCUs can thrive in the 21st cent."" - @HillaryClinton https://t.co/tHHv1c82Vx",702241286888120320,2/23/2016 21:19:04,0,1,-1,0,0,0,0,1,0,0,0,0,0,0,0,0,0,1,brittany  ,0,1,-1,0,0,0,0,0,0,1,0,0,0,0,0,0,0,1,christian,christianbrittany,0
87,"""To be consensus anti-Trump candidate Cruz may need a truce w colleagues who detest him. But so far, nothing doing"" https://t.co/fZvedWNiPD",710529523075387392,3/17/2016 18:13:33,-1,1,1,0,0,0,0,0,0,0,0,0,1,0,0,0,0,1,brittany  ,-1,1,0,0,0,0,0,0,0,0,0,0,1,0,0,0,0,1,christian,christianbrittany,0
88,@JebBush brother to W &amp; frmr FL Gov He'd repeal #Medicare &amp; says Americans need to work longer hours #GOPPriorities http://t.co/b31LWF3PbW,629456243409727488,8/7/2015 0:57:17,-1,1,0,0,1,0,0,0,0,0,0,0,0,0,0,0,0,1,brittany  ,0,1,1,0,0,0,0,0,0,0,1,0,0,0,0,0,0,1,christian,christianbrittany,0
89,@shellsuber thank you for following us!,644351778406793216,9/17/2015 3:26:50,1,0,0,0,0,0,0,0,0,0,0,0,1,0,0,0,0,1,brittany  ,1,0,0,0,0,0,0,0,0,0,0,0,1,0,0,0,0,1,christian,christianbrittany,0
90,"#CruzCrew
#FF
@GOHConservative @James_E_White @Texastweetybird @VARepublicans @iowacrs @FairfieldSCGOP @27GuageLong http://t.co/zqlzH4Li2G",591583855733145600,4/24/2015 12:45:56,1,1,1,0,0,0,0,0,0,0,0,0,1,0,0,0,0,1,brittany  ,1,1,1,0,0,0,0,0,0,0,0,0,1,0,0,0,0,1,christian,christianbrittany,0
91,#NoIranDealBecause only way we're going to change this to have someone in the White House who is serious about this. https://t.co/aQjc5MRVcR,642375343798513664,9/11/2015 16:33:11,0,1,0,0,0,1,0,0,0,0,0,0,0,0,0,0,0,1,brittany  ,0,1,1,0,0,1,0,0,0,0,0,0,0,0,0,0,0,1,christian,christianbrittany,0
92,"#Trump's ""promise to make America great again is backed by a threat to burn it down."" https://t.co/qDSrgPTnyu",788152619105673216,10/17/2016 23:00:02,-1,1,0,0,0,0,0,0,0,0,0,0,1,0,0,0,0,1,brittany  ,-1,1,0,0,0,0,0,0,0,0,0,0,1,0,0,0,0,1,christian,christianbrittany,0
93,#TrumpLies about the U.S. not having a system to screen refugees: https://t.co/NBLhMeG4aG https://t.co/4PBVxH6sZ9,760504919619211264,8/2/2016 15:57:56,-1,1,0,0,0,1,0,0,0,0,0,0,0,0,0,0,1,0,brittany  ,-1,1,0,0,0,1,0,0,0,0,0,0,0,0,0,0,1,0,christian,christianbrittany,0
94,8 in 10 Democrats see @HillaryClinton as ready to be commander-in-chief https://t.co/QIqPjlpg8m via @SalvantoCBS https://t.co/35iCrYACtf,1471,11/23/2015 17:10:05,0,1,-1,0,0,0,0,0,0,0,0,0,1,0,0,0,0,1,brittany  ,0,1,-1,0,0,0,0,0,0,0,0,0,1,0,0,0,1,0,christian,christianbrittany,0
95,"Being an Italian boy from New Jersey, #FirstFrank loves Italian food. His favorite dish: Chicken Parmesan #FirstFrankFriday",695748742587117568,2/5/2016 23:20:01,0,0,1,0,0,0,0,0,0,0,0,0,1,0,0,0,0,1,brittany  ,0,0,0,0,0,0,0,0,0,0,0,0,1,0,0,0,0,1,christian,christianbrittany,0
96,Ben Carson on abortion #winbenwin #savethebabies #defundpp #babiesmatter https://t.co/HOOGmXflkh,658397489058353152,10/25/2015 21:39:28,0,1,1,0,0,0,0,1,0,0,0,0,0,0,0,0,0,1,brittany  ,0,1,1,0,0,0,0,1,0,0,0,0,0,0,0,0,1,0,christian,christianbrittany,0
97,Bernie Sanders Breaks Down Exactly Why Donald Trump Is 'Dangerous' https://t.co/p1BxPdq24h,760100381754089472,8/1/2016 13:10:27,-1,1,-1,0,0,0,0,0,0,0,0,0,1,0,0,0,0,1,brittany  ,-1,1,-1,0,0,0,0,0,0,0,0,0,1,0,0,0,0,1,christian,christianbrittany,0
98,"Cynthia DiBartolo ""@CarlyFiorina has a guileless solution: Simplify the tax code to three pages"" https://t.co/lZgGCwfBqe #Carly2016",670406785820291072,11/28/2015 1:00:07,1,1,1,0,1,0,0,0,0,0,0,0,0,0,0,0,0,1,brittany  ,0,1,1,0,1,0,0,0,0,0,0,0,0,0,0,0,0,1,christian,christianbrittany,0
99,Dear Superdelegates: Don't Deny Democracy https://t.co/ULA5diWNZv,740617004420345856,6/8/2016 18:50:28,0,1,-1,0,0,0,0,0,0,0,0,0,1,0,0,0,0,1,brittany  ,-1,1,0,0,0,0,0,0,0,0,0,1,0,0,0,0,0,1,christian,christianbrittany,0
100,Don't miss @RandPaul during the GOP Presidential Debate tonight on FOX News at 9pm EST! #StandWithRand #RandRally https://t.co/G6hC09q1ZC,692732000462114816,1/28/2016 15:32:33,0,1,1,0,0,0,0,0,0,0,0,0,1,0,1,0,0,1,brittany  ,0,1,1,0,0,0,0,0,0,0,0,0,1,0,0,0,1,0,christian,christianbrittany,0
101,"Donald Trump may want you to think hes a big tough guy, but were not so sure about that. https://t.co/QMd8eUw3Ty",774302874046193664,9/9/2016 17:46:05,-1,1,0,0,0,0,0,0,0,0,0,0,1,0,0,0,0,1,brittany  ,-1,1,0,0,0,0,0,0,0,0,0,0,1,0,0,0,0,1,christian,christianbrittany,0
102,FACT: @ClintonFdn earned an A rating from the American Institute of Philanthropy. https://t.co/29F5s37HQ7 #VPDebate,783491706763304960,10/5/2016 2:19:14,0,1,-1,0,0,0,0,0,0,0,0,0,1,0,0,0,1,0,brittany  ,0,1,-1,0,0,0,0,0,0,0,0,0,1,0,0,0,1,0,christian,christianbrittany,0
103,FACT: The Benghazi Cmte is now more concerned with @HillaryClinton's emails than what happened in Benghazi https://t.co/YO881gEAwl,634780283984736256,8/21/2015 17:33:08,0,1,-1,0,0,1,0,0,0,0,0,0,0,0,0,0,0,1,brittany  ,-1,1,0,0,0,0,0,0,0,0,0,0,1,0,0,0,0,1,christian,christianbrittany,0
104,"Hillary Clinton spoke with substance  with ideas on helping the middle class, on making college affordable. https://t.co/Oy0hyBGMj0",747501529578430464,6/27/2016 18:47:07,1,1,-1,0,1,0,0,0,0,0,0,0,0,0,0,0,0,1,brittany  ,0,1,-1,0,0,0,0,0,0,1,0,0,0,0,0,0,0,1,christian,christianbrittany,0
105,How to protect America. Donate to Security is Strength PAC. http://t.co/t59YCUtc72 #FreedomFirst,642113393378226176,9/10/2015 23:12:17,0,1,1,0,0,0,0,0,0,0,0,0,1,1,0,0,0,1,brittany  ,1,1,1,0,0,0,0,0,0,0,0,0,1,1,0,0,0,1,christian,christianbrittany,0
106,http://t.co/3Ooxngs33c,648210651857350656,9/27/2015 19:00:37,0,0,0,0,0,0,0,0,0,0,0,0,0,0,0,0,0,0,brittany  ,0,0,0,0,0,0,0,0,0,0,0,0,0,0,0,0,0,0,christian,christianbrittany,0
107,"http://t.co/EX5Ch39d44
https://t.co/vBZNe0eZCr
#CruzCrewwants #Mississippi to join CourageousConservatives http://t.co/3rRrfek4rD",593169111888236544,4/28/2015 21:45:11,0,1,1,0,0,0,0,0,0,0,0,0,1,0,0,1,0,1,brittany  ,0,1,1,0,0,0,0,0,0,0,0,0,1,0,0,0,0,1,christian,christianbrittany,0
108,https://t.co/OdcJkRyHL6,773907545287188480,9/8/2016 15:35:11,0,0,0,0,0,0,0,0,0,0,0,0,0,0,0,0,0,0,brittany  ,0,0,0,0,0,0,0,0,0,0,0,0,0,0,0,0,0,0,christian,christianbrittany,0
109,Its incredibly unsurprising that he paused an interview about himself just to watch himself on TV. https://t.co/iNxUBTMyp8,760969523331600384,8/3/2016 22:44:07,-1,0,0,0,0,0,0,0,0,0,0,0,1,0,0,0,0,1,brittany  ,-1,1,0,0,0,0,0,0,0,0,0,0,1,0,0,0,0,1,christian,christianbrittany,0
110,Jeb is campaigning in San Fransisco today!  https://t.co/6k7jP7InAy,621735775890239488,7/16/2015 17:38:54,0,1,1,0,0,0,0,0,0,0,0,0,1,0,0,0,1,0,brittany  ,0,1,1,0,0,0,0,0,0,0,0,0,1,0,0,0,1,0,christian,christianbrittany,0
111,Just #Jeb #JebingIt and being a total #boss at the opening of his Miami campaign office! http://t.co/X3h5GAMV8x,643448656100651008,9/14/2015 15:38:08,1,1,1,0,0,0,0,0,0,0,0,0,1,0,0,0,0,1,brittany  ,1,1,1,0,0,0,0,0,0,0,0,0,1,0,0,0,0,1,christian,christianbrittany,0
112,"MSNBC: @MarcoRubio flip-flops on immigration, then criticizes @realDonaldTrump for changing course on the #DREAMAct. https://t.co/MgpUcPX6Rv",662309666962018304,11/5/2015 16:45:04,-1,1,1,1,0,0,0,0,0,0,0,0,0,0,0,0,0,1,brittany  ,-1,1,1,1,0,0,0,0,0,0,0,0,0,0,0,0,0,1,christian,christianbrittany,0
113,NEW OP-ED: @HillaryClinton lays out a plan to bring manufacturing jobs back to the U.S.: https://t.co/8bG4iYIcHk via @StarTribune,702167549060841472,2/23/2016 16:26:03,0,1,-1,0,1,0,0,0,0,0,0,0,0,0,0,0,1,0,brittany  ,0,1,-1,0,1,0,0,0,0,0,0,0,0,0,0,0,0,1,christian,christianbrittany,0
114,"NH State Rep. Jim Webb ""I am writing to tell you why I will cast my vote for @CarlyFiorina""https://t.co/Q99lrYqCJW #TeamCarly #Carly2016",692814444137566208,1/28/2016 21:00:10,0,1,1,0,0,0,0,0,0,0,0,0,1,0,0,0,0,1,brittany  ,0,1,1,0,0,0,0,0,0,0,0,0,1,0,0,0,1,0,christian,christianbrittany,0
115,"No only does #FirstFrank have a heart of gold, he used to be a volunteer ambulance driver for a children's hospital #FirstFrankFriday",693146627956035584,1/29/2016 19:00:08,1,0,1,0,0,0,0,0,0,0,0,0,1,0,0,0,0,1,brittany  ,1,1,1,0,0,0,0,0,0,0,0,0,1,0,0,0,0,1,christian,christianbrittany,0
116,"No, U.S. Immigration and Customs Enforcement Did Not Endorse #Trump https://t.co/lioXvYmNqJ #TrumpLies",787081276746596352,10/15/2016 0:02:54,-1,1,0,0,0,0,0,0,0,0,0,0,1,0,0,0,1,0,brittany  ,-1,1,0,1,0,0,0,0,0,0,0,0,0,0,0,0,1,0,christian,christianbrittany,0
117,"On @Morning_Joe, @JoeNBC rightly called out @marcorubio for flat-out lying to the American people: https://t.co/RfQA9VMIgQ",661918475644858368,11/4/2015 14:50:37,-1,1,1,0,0,0,0,0,0,0,0,0,1,0,0,0,0,1,brittany  ,-1,1,0,0,0,0,0,0,0,0,0,0,1,0,0,0,1,0,christian,christianbrittany,0
118,Our #BailoutBush ad is making everyone go insane! CRAZY BUT TRUE. See why at http://t.co/PMUKGGgHYr! http://t.co/zPcSrlhYGK,614554484946006016,6/26/2015 22:03:01,-1,1,0,0,1,0,0,0,0,0,0,0,0,0,0,0,0,1,brittany  ,-1,1,0,0,0,0,0,0,0,0,0,0,1,0,1,0,0,1,christian,christianbrittany,0
119,Prominent Republican and former U.S. attorney Dan Webb endorses @HillaryClinton: https://t.co/RVinoteMUa,752969794505150464,7/12/2016 20:56:03,0,1,-1,0,0,0,0,0,0,0,0,0,1,0,0,0,1,0,brittany  ,1,1,-1,0,0,0,0,0,0,0,0,0,1,0,0,0,1,0,christian,christianbrittany,0
120,Rand Paul pokes Rubio over his 'cute new boots' https://t.co/VtILbS5MVA @RandPaul @marcorubio #StandWithRand,685104726812311552,1/7/2016 14:24:30,0,0,1,0,0,0,0,0,0,0,0,0,1,0,0,0,0,1,brittany  ,-1,1,1,0,0,0,0,0,0,0,0,0,1,0,0,0,0,1,christian,christianbrittany,0
121,Rick Perry 2.0 is off to a good start. @shanevanderhart  #iacaucus http://t.co/ts1S52Qy8m http://t.co/nmiBE8NCol,607975596543643648,6/8/2015 18:20:52,1,1,1,0,0,0,0,0,0,0,0,0,1,0,0,0,0,1,brittany  ,1,1,1,0,0,0,0,0,0,0,0,0,1,0,0,0,0,1,christian,christianbrittany,0
122,"Rick Perry's Texas created jobs when times were tough.
https://t.co/3FH5MTrqz0",612318653116055552,6/20/2015 17:58:37,0,1,1,0,1,0,0,0,0,0,0,0,0,0,0,0,0,1,brittany  ,0,1,1,0,1,0,0,0,0,0,0,0,0,0,0,0,0,1,christian,christianbrittany,0
123,"RT @C_Rants: Best email of the day came mid debate ""That does it, I'm caucusing for @CarlyFiorina """,692876618205831168,1/29/2016 1:07:13,0,1,1,0,0,0,0,0,0,0,0,0,1,0,0,0,0,1,brittany  ,1,1,1,0,0,0,0,0,0,0,0,0,1,0,0,0,0,1,christian,christianbrittany,0
124,RT @CarlyFiorina: The game is being rigged against you--by the political class &amp; the media elites. #LetCarlyDebate #FITN,695655583899377664,2/5/2016 17:09:50,-1,1,1,0,0,0,0,0,0,0,0,0,1,0,0,0,0,1,brittany  ,-1,1,1,0,0,0,0,0,0,0,0,0,1,0,0,0,0,1,christian,christianbrittany,0
125,"RT @colbertlateshow: Tonight! Wheel in the sky keeps on Bernin #LSSC
https://t.co/W5MfScOBb6",715879144719007744,4/1/2016 12:31:03,0,1,-1,0,0,0,0,0,0,0,0,0,1,0,0,0,1,0,brittany  ,0,1,-1,0,0,0,0,0,0,0,0,0,1,0,0,0,0,1,christian,christianbrittany,0
126,"RT @DrMartyFox: #WakeUpAmerica  

If You Hated #TaxDay Before #ObamaCare Via @Betsy_McCaughey 

#TCOT
 http://t.co/FlA5X3TvM8 http://",591003383118462976,4/22/2015 22:19:21,0,1,1,0,0,0,0,0,0,0,0,0,1,0,0,0,0,1,brittany  ,-1,1,1,0,0,0,0,0,0,0,1,0,0,0,0,0,0,1,christian,christianbrittany,0
127,"RT @EliStokols: Welcome to Vegas, where @JebBush is about to take the stage at @MavPAC conference.",622236266772434944,7/18/2015 2:47:41,0,1,1,0,0,0,0,0,0,0,0,0,1,0,0,0,1,0,brittany  ,0,1,1,0,0,0,0,0,0,0,0,0,1,0,0,0,1,0,christian,christianbrittany,0
128,"RT @HillaryClinton: ""There needs to be a concerted effort to address the systemic racism in our criminal justice system."" Hillary #DemDeba",688908013340610560,1/18/2016 2:17:24,0,1,-1,0,0,0,0,1,0,0,0,0,0,0,0,0,0,1,brittany  ,0,1,-1,0,0,0,1,0,0,0,0,0,0,0,0,0,0,1,christian,christianbrittany,0
129,"RT @HillaryClinton: ""What kind of a man roots for an economic crash that cost millions of people their jobs? Their homes? Their life saving",757766814247948288,7/26/2016 2:37:41,-1,1,-1,0,1,0,0,0,0,0,0,0,0,0,0,0,0,1,brittany  ,-1,1,-1,0,0,0,0,0,0,0,0,0,1,0,0,0,0,1,christian,christianbrittany,0
130,"RT @jonallendc: To clarify: When Trump says he wants the wealthy to pay their fair share, he means that they should pay less than they curr",763102711785095168,8/9/2016 20:00:38,-1,1,0,0,1,0,0,0,0,0,0,0,0,0,0,0,0,1,brittany  ,-1,1,0,0,1,0,0,0,0,0,0,0,0,0,0,0,0,1,christian,christianbrittany,0
131,RT @joshduggar: Save pain-capable unborn baby humans -- click here to tell your congressman to vote for #HR36: http://t.co/8IIrnvNfJd http:,598536658061918208,5/13/2015 17:13:54,0,1,1,0,0,0,0,1,0,0,0,0,0,0,0,1,0,1,brittany  ,0,1,1,0,0,0,0,1,0,0,0,0,0,0,1,0,0,1,christian,christianbrittany,0
132,RT @KatrinaNation: Very good interview with Martin O'Malley on Rachel Maddow show/,667549435459715072,11/20/2015 3:46:02,1,1,-1,0,0,0,0,0,0,0,0,0,1,0,0,0,0,1,brittany  ,1,1,-1,0,0,0,0,0,0,0,0,0,1,0,0,0,0,1,christian,christianbrittany,0
133,"RT @MZHemingway: When Trump struggled to answer how hed handle embassy, crowd actually laughed at him in mockery.",708128957703573504,3/11/2016 3:14:34,-1,1,0,0,0,0,0,0,0,0,0,0,1,0,0,0,0,1,brittany  ,0,1,0,0,0,0,0,0,0,0,0,0,1,0,0,0,0,1,christian,christianbrittany,0
134,RT @RealBenCarson: https://t.co/3Hj8I9DrII,689112233369055232,1/18/2016 15:48:54,0,0,0,0,0,0,0,0,0,0,0,0,0,0,0,0,0,0,brittany  ,0,0,0,0,0,0,0,0,0,0,0,0,0,0,0,0,0,0,christian,christianbrittany,0
135,RT @RealBenCarson: Success is where preparation and opportunity meet. #BC2DC16 https://t.co/YodgxuFGS3,659521836145770496,10/29/2015 0:07:13,0,0,1,0,0,0,0,0,0,0,0,0,1,0,0,0,0,1,brittany  ,0,1,1,0,0,0,0,0,0,0,0,0,1,0,0,0,0,1,christian,christianbrittany,0
136,"RT @realDonaldTrump: Just leaving Miami for Houston, Oklahoma and Colorado. Miami crowd was fantastic!",776952306948452352,9/17/2016 1:13:59,1,1,1,0,0,0,0,0,0,0,0,0,1,0,0,0,0,1,brittany  ,1,1,1,0,0,0,0,0,0,0,0,0,1,0,0,0,0,1,christian,christianbrittany,0
137,"RT @RealJamesWoods: #DeathByDemocrat: If it moves, tax it. If it keeps moving, regulate it. And if it stops moving, subsidize it. -Ronald R",664468634002034688,11/11/2015 15:44:02,-1,1,1,0,0,0,0,0,0,0,0,0,1,0,0,0,0,1,brittany  ,-1,1,1,0,0,0,0,0,0,0,0,0,1,0,0,0,0,1,christian,christianbrittany,0
138,"RT @RosemryS: #Trump, the Unifier via @GreatAmericaPAC; #MAGA https://t.co/LQNhOb87ai",750769142173560832,7/6/2016 19:11:26,1,1,1,0,0,0,0,0,0,0,0,0,1,0,0,0,0,1,brittany  ,0,1,1,0,0,0,0,0,0,0,0,0,1,0,0,0,0,1,christian,christianbrittany,0
139,RT @sarahmccammon: Full house for @RealBenCarson townhall with @SenatorTimScott at #BJU. https://t.co/3xr6KTBLKZ,665287006478405632,11/13/2015 21:55:57,0,1,1,0,0,0,0,0,0,0,0,0,1,0,0,0,0,1,brittany  ,1,1,1,0,0,0,0,0,0,0,0,0,1,0,0,0,0,1,christian,christianbrittany,0
140,"RT @USAForRickPerry: GOP Candidate @GovernorPerry to make stop in Storm Lake, IA: http://t.co/IDypQnP6Ia #Perry2016 http://t.co/nAvIynEv67",631841377001832448,8/13/2015 14:54:57,0,1,1,0,0,0,0,0,0,0,0,0,1,0,0,0,1,0,brittany  ,0,1,1,0,0,0,0,0,0,0,0,0,1,0,0,0,1,0,christian,christianbrittany,0
141,"Rush Limbaugh cannot say enough good things about #TedCruz last night 

#conservative
#GOPDebate 
#rushlimbaugh",677182866141388800,12/16/2015 17:45:51,0,1,1,0,0,0,0,0,0,0,0,0,1,0,0,0,0,1,brittany  ,1,1,1,0,0,0,0,0,0,0,0,0,1,0,0,0,0,1,christian,christianbrittany,0
142,"Sen. Rand Paul Announces Cut, Cap, and Balance Act of 2015 http://t.co/0aVuJDX9w7 @RandPaul #StandwithRand",656123682557849600,10/19/2015 15:04:10,0,1,1,0,1,0,0,0,0,0,0,0,0,0,0,0,1,0,brittany  ,0,1,1,0,1,0,0,0,0,0,0,0,0,0,0,0,1,0,christian,christianbrittany,0
143,"Strong Country = Strong Values = Strong Families http://t.co/RHVbhUx78E #CNNDebate #GOPDebate #MarcoMoment
https://t.co/KoAr2Ahgby",644346310703738880,9/17/2015 3:05:06,0,1,1,0,0,0,0,0,0,0,0,0,1,0,0,0,0,1,brittany  ,1,1,1,0,0,0,0,0,0,0,0,0,1,0,0,0,0,1,christian,christianbrittany,0
144,Take a moment to thank those who have made America the most extraordinary nation in the world by visiting https://t.co/OCFFAk6mcx,670040596866727936,11/27/2015 0:45:01,1,0,0,0,0,0,0,0,0,0,0,0,1,0,0,1,0,1,brittany  ,0,0,0,0,0,0,0,0,0,0,0,0,1,0,0,1,0,1,christian,christianbrittany,0
145,"The @nytimes endorsed Hillary...and called Bernie Sanders' gun record ""weak."" https://t.co/U8C5dMeRoR #DemTownHall https://t.co/FV2UPfGLZT",702311231500242944,2/24/2016 1:57:00,0,1,-1,0,0,0,0,0,0,0,0,0,1,0,0,0,1,0,brittany  ,-1,1,-1,0,0,1,0,0,0,0,0,0,0,0,0,0,1,0,christian,christianbrittany,0
146,"Trump's lies happen ""in such a rapid &amp; continuous fashion that it becomes virtually impossible to keep up"" https://t.co/6neMllIh0P",715633985171406848,3/31/2016 20:16:52,-1,1,0,0,0,0,0,0,0,0,0,0,1,0,0,0,0,1,brittany  ,-1,1,0,0,0,0,0,0,0,0,0,0,1,0,0,0,0,1,christian,christianbrittany,0
147,Trumps trade plan could push the U.S. into a recession. We *literally* cant afford a Trump presidency. https://t.co/ibqimNXIVI,778299463127347200,9/20/2016 18:27:06,-1,1,0,0,1,0,0,0,0,0,0,0,0,0,0,0,0,1,brittany  ,-1,1,0,0,1,0,0,0,0,0,0,0,0,0,0,0,0,1,christian,christianbrittany,0
148,We Will Make America Safe Again.,756331563252613120,7/22/2016 3:34:31,0,1,1,0,0,0,0,0,0,0,0,0,1,0,0,0,0,1,brittany  ,0,1,0,0,0,0,0,0,0,0,0,0,1,0,0,0,0,1,christian,christianbrittany,0
149,We've watched the @GOP drift farther to the right. Extremism has propelled Cruz &amp; Trump to a win https://t.co/TSrqo2HQiK #iacaucus,694362635203166208,2/2/2016 3:32:07,0,1,1,0,0,0,0,0,0,0,0,0,1,0,0,0,0,1,brittany  ,-1,1,0,0,0,0,0,0,0,0,0,0,1,0,0,0,0,1,christian,christianbrittany,0
150,"When the FBI Director says that the Secretary of State was ""extremely careless"" and ""negligent,""",756319075656228864,7/22/2016 2:44:54,-1,1,0,0,0,0,0,0,0,0,0,0,1,0,0,0,0,1,brittany  ,-1,1,0,0,0,0,0,0,0,0,0,0,1,0,0,0,0,1,christian,christianbrittany,0
151,".@CarlyFiorina ""The problems created by our bloated &amp; corrupt gvt rest more heavily on the shoulders of Millennials"" https://t.co/9O2wx2SyOv",666730034107826176,11/17/2015 21:30:02,-1,1,1,0,0,0,0,0,0,0,0,1,0,0,0,0,0,1,christopher,-1,1,1,0,0,0,0,0,0,0,0,0,1,0,0,0,0,1,lauryn,christopherlauryn,0
152,.@CARLYforAmerica has teamed up w/ @YourVoiceYourAd to hear your thoughts. Tell them how you feel abt the economy at https://t.co/IuQrlmvZQD,681565341856575488,12/28/2015 20:00:15,1,1,1,0,0,0,0,0,0,0,0,0,1,0,0,1,0,1,christopher,0,1,1,0,1,0,0,0,0,0,0,0,0,0,0,1,0,1,lauryn,christopherlauryn,0
153,.@GOP candidates continue to push out-of-date policies and spew hateful rhetoric on criminal justice reform https://t.co/90fPgTJPA2,660195983989411840,10/30/2015 20:46:03,-1,1,-1,0,0,0,1,0,0,0,0,0,0,0,0,0,0,1,christopher,-1,1,0,0,0,0,1,0,0,0,0,0,0,0,0,0,0,1,lauryn,christopherlauryn,0
154,".@MartinOMalley ""showed the most potential...successfully firing up a crowd full of partisans for rival candidates"" http://t.co/rjmFmTxmE7",622412502660313088,7/18/2015 14:27:59,1,1,-1,0,0,0,0,0,0,0,0,0,1,0,0,0,0,1,christopher,1,1,-1,0,0,0,0,0,0,0,0,0,1,0,0,0,0,1,lauryn,christopherlauryn,0
155,.@realDonaldTrump thinks #HisWords are presidential. Not true. Watch: https://t.co/BByn9uFrj8,785572866100047872,10/10/2016 20:09:01,-1,1,0,0,0,0,0,0,0,0,0,0,1,0,1,0,0,1,christopher,-1,1,0,0,0,0,0,0,0,0,0,0,1,0,0,0,0,1,lauryn,christopherlauryn,0
156,".@realDonaldTrump, what are you hiding? https://t.co/ZbTjQicjaF",779075054638239744,9/22/2016 21:49:02,-1,1,0,0,0,0,0,0,0,0,0,0,1,0,0,0,0,1,christopher,-1,1,0,0,0,0,0,0,0,0,0,0,1,0,0,0,0,1,lauryn,christopherlauryn,0
157,.@tedcruz's extreme rhetoric has no place in a nation of immigrants https://t.co/Agg7v8ui7t,665220844084314112,11/13/2015 17:33:03,-1,1,0,1,0,0,0,0,0,0,0,0,0,0,0,0,0,1,christopher,-1,1,0,0,0,0,0,0,0,0,0,0,1,0,0,0,0,1,lauryn,christopherlauryn,0
158,"""I donate $10 a month to Clinton."" - economist who backed Bernie Sanders' economic plans https://t.co/BZ7iENDzX7",700426328118398976,2/18/2016 21:07:04,0,1,-1,0,0,0,0,0,0,0,0,0,1,0,0,0,1,0,christopher,0,1,-1,0,0,0,0,0,0,0,0,0,1,0,0,0,1,0,lauryn,christopherlauryn,0
159,"""These r frontrunners for @GOP nom &amp; rightwing special interests are going to do everything they can"" to elect them https://t.co/qiSzzLveyZ",694615835923648512,2/2/2016 20:18:15,0,1,0,0,0,0,0,0,0,0,0,0,1,0,0,0,0,1,christopher,0,1,1,0,0,0,0,0,0,0,0,0,1,0,0,0,0,1,lauryn,christopherlauryn,0
160,"""Trump's not the only Republican making dubious claims.""
READ: https://t.co/X4Pnpf7HKr via @POLITICOMag",681484264987176960,12/28/2015 14:38:04,-1,1,0,0,0,0,0,0,0,0,0,0,1,0,0,1,0,1,christopher,-1,1,0,0,0,0,0,0,0,0,0,0,1,0,0,0,0,1,lauryn,christopherlauryn,0
161,"[@CarlyFiorina] has foreign policy experience, great command of current events and will lead us back to greatness https://t.co/VBvpAz80Bs",675418827128111104,12/11/2015 20:56:11,1,1,1,0,0,1,0,0,0,0,0,0,0,0,0,0,0,1,christopher,1,1,1,0,0,0,0,0,0,0,0,0,1,0,0,0,0,1,lauryn,christopherlauryn,0
162,@_Makada_ Help @realDonaldTrump #BuildTheWall https://t.co/hgBen5CdO7,774284931174326272,9/9/2016 16:34:47,1,1,1,1,0,0,0,0,0,0,0,0,0,0,0,0,0,1,christopher,1,1,1,1,0,0,0,0,0,0,0,0,0,0,0,1,0,1,lauryn,christopherlauryn,0
163,@1BeautifulKarma More people need to learn about @BernieSanders! Help us spread the word with this Thunderclap https://t.co/Qt2q9db4hd,649701590673293312,10/1/2015 21:45:04,1,1,-1,0,0,0,0,0,0,0,0,0,1,0,0,1,0,1,christopher,1,1,-1,0,0,0,0,0,0,0,0,0,1,0,0,1,0,1,lauryn,christopherlauryn,0
164,@BlissTabitha help @realDonaldTrump #BuildTheWall https://t.co/hgBen5CdO7,778420619931070464,9/21/2016 2:28:32,1,1,1,1,0,0,0,0,0,0,0,0,0,0,0,0,0,1,christopher,1,1,1,1,0,0,0,0,0,0,0,0,0,1,0,0,0,1,lauryn,christopherlauryn,0
165,@charlesmunn1 More people need to learn about @BernieSanders! Help us spread the word with this Thunderclap http://t.co/Qt2q9db4hd,649032213867143168,9/30/2015 1:25:12,1,1,-1,0,0,0,0,0,0,0,0,0,1,0,0,1,0,1,christopher,1,1,-1,0,0,0,0,0,0,0,0,0,1,0,0,1,0,1,lauryn,christopherlauryn,0
166,@sandlotjoe @BernieSanders @AlisonSpalding2 Read more here http://t.co/zaMDn1fMfX,636803695707951104,8/27/2015 7:33:26,0,0,0,0,0,0,0,0,0,0,0,0,0,0,0,0,0,0,christopher,0,1,0,0,0,0,0,0,0,0,0,0,1,0,0,1,0,1,lauryn,christopherlauryn,0
167,"#Trumps actions in Atlantic City make the citys former mayor ask this question.
https://t.co/9zPktnphAz https://t.co/OTprpBPt0k",768239161996300288,8/24/2016 0:11:04,-1,1,-1,0,0,0,0,0,0,0,0,0,1,0,0,0,1,0,christopher,0,1,0,0,0,0,0,0,0,0,0,0,1,0,0,0,0,1,lauryn,christopherlauryn,0
168,Big news: @vincentsheheen endorses @MartinOMalley and will co-chair his campaign in South Carolina #NewLeadership https://t.co/2xxFJNifnq,657294146684735488,10/22/2015 20:35:11,1,1,-1,0,0,0,0,0,0,0,0,0,1,0,0,0,1,0,christopher,1,1,-1,0,0,0,0,0,0,0,0,0,1,0,0,0,1,0,lauryn,christopherlauryn,0
169,"Chairman of the @OfficialCBC, @GKButterfield endorses @HillaryClinton https://t.co/KjAErLn7jW",685222123242176512,1/7/2016 22:10:59,1,1,-1,0,0,0,0,0,0,0,0,0,1,0,0,0,1,0,christopher,1,1,0,0,0,0,0,0,0,0,0,0,1,0,0,0,1,0,lauryn,christopherlauryn,0
170,Conservative reviews are in: #BenghaziHearing a bust https://t.co/oXOOXufHk0 via @sahilkapur,657366027760746496,10/23/2015 1:20:48,-1,1,0,0,0,0,0,0,0,0,0,0,1,0,0,0,1,0,christopher,-1,1,1,0,0,1,0,0,0,0,0,0,0,0,0,0,0,1,lauryn,christopherlauryn,0
171,Eight New Hampshire mayors and mayors-elect came out in support of @HillaryClintons infrastructure plan https://t.co/OKGoCWaAR4 #fitn,671728050707435520,12/1/2015 16:30:22,1,1,-1,0,1,0,0,0,0,0,0,0,0,0,0,0,1,0,christopher,0,1,-1,0,1,0,0,0,0,0,0,0,0,0,0,0,1,0,lauryn,christopherlauryn,0
172,Four dozen GOP candidates were asked if theyd campaign with Trump. Hardly any said yes. https://t.co/2PC41uOqlp,760957692382883840,8/3/2016 21:57:06,-1,1,0,0,0,0,0,0,0,0,0,0,1,0,0,0,1,0,christopher,-1,1,0,0,0,0,0,0,0,0,0,0,1,0,0,0,0,1,lauryn,christopherlauryn,0
173,"From NATO to ISIS, Trump told a staggering amount of lies within 16 hours. Check it out. https://t.co/L2EVk2tptO",726170478042189824,4/29/2016 22:05:08,-1,1,0,0,0,1,0,0,0,0,0,0,0,0,0,1,0,1,christopher,-1,1,0,0,0,1,0,0,0,0,0,0,0,0,0,1,0,1,lauryn,christopherlauryn,0
174,"GOP Party of KY Executive Director Mike Biagi ""I am pleased that she will compete for the votes of KY Republicans"" https://t.co/PZ298RRrgl",682697773196550144,12/31/2015 23:00:07,1,1,1,0,0,0,0,0,0,0,0,0,1,0,0,0,0,1,christopher,1,1,1,0,0,0,0,0,0,0,0,0,1,0,0,0,0,1,lauryn,christopherlauryn,0
175,"Great start to this weekend! We will be making calls &amp; door knocks all day, every day 4 @JohnKasich #Kasich4Us #FITN https://t.co/ysaqAfGkVK",695745496313364480,2/5/2016 23:07:07,1,1,1,0,0,0,0,0,0,0,0,0,1,0,0,0,0,1,christopher,1,1,1,0,0,0,0,0,0,0,0,0,1,0,0,0,0,1,lauryn,christopherlauryn,0
176,Great warm up for #GOPDebate - excellent @tedcruz interview on @seanhannity radio: http://t.co/Uv9y0tAN7p #MakeDCListen #WashingtonCartel,629426871504011264,8/6/2015 23:00:35,1,1,1,0,0,0,0,0,0,0,0,0,1,0,0,0,0,1,christopher,1,1,1,0,0,0,0,0,0,0,0,0,1,0,0,0,0,1,lauryn,christopherlauryn,0
177,"http://t.co/EX5Ch3qOsE
#CruzCrew
https://t.co/P13fUDgnKS
#TedCruz2016 Let's Reignite America
https://t.co/06dz5IXpGj http://t.co/8K05tAgDQa",590655168821207040,4/21/2015 23:15:40,0,0,0,0,0,0,0,0,0,0,0,0,0,0,0,0,0,0,christopher,0,0,0,0,0,0,0,0,0,0,0,0,0,0,0,0,0,0,lauryn,christopherlauryn,0
178,"I have been honored to receive the endorsement of America's Border Patrol Agents, and will work directly with them to protect the",756324150889869312,7/22/2016 3:05:04,1,1,1,1,0,0,0,0,0,0,0,0,0,0,0,0,0,1,christopher,1,1,0,1,0,0,0,0,0,0,0,0,0,0,0,0,1,0,lauryn,christopherlauryn,0
179,"It's been a pretty untruthful day for @realDonaldTrump. ""4 pinocchios""-@washingtonpost &amp; ""pants on fire""-@PolitiFact https://t.co/5ChIjl0hXU",698212107393896448,2/12/2016 18:28:33,-1,1,0,0,0,0,0,0,0,0,0,0,1,0,0,0,0,1,christopher,-1,1,0,0,0,0,0,0,0,0,0,0,1,0,0,0,0,1,lauryn,christopherlauryn,0
180,Let's begin! #GOPDebate,629457994460332032,8/7/2015 1:04:15,1,1,1,0,0,0,0,0,0,0,0,0,1,0,0,0,0,1,christopher,0,1,0,0,0,0,0,0,0,0,0,0,1,0,0,0,0,1,lauryn,christopherlauryn,0
181,Let's get ready to rumble!!!!! #CNNDebate,703032192679731200,2/26/2016 1:41:51,1,1,0,0,0,0,0,0,0,0,0,0,1,0,0,0,0,1,christopher,0,1,0,0,0,0,0,0,0,0,0,0,1,0,0,0,0,1,lauryn,christopherlauryn,0
182,Marco Rubio: This Is The Moment They Said Would Never Happen. Watch now: https://t.co/0uBOjbcm3e #Marcomentum #NHpolitics,694645234790105088,2/2/2016 22:15:04,1,1,1,0,0,0,0,0,0,0,0,0,1,0,1,0,0,1,christopher,0,1,1,0,0,0,0,0,0,0,0,0,1,0,1,0,0,1,lauryn,christopherlauryn,0
183,Meet Dr. Carson's favorite bible verse http://t.co/UeuhVr2wKG,643069948693053440,9/13/2015 14:33:18,1,0,0,0,0,0,0,0,0,0,0,0,1,0,0,0,0,1,christopher,0,1,1,0,0,0,0,0,0,0,0,0,1,0,0,0,0,1,lauryn,christopherlauryn,0
184,MT @KarrattiPaul: it's high time for a real statesman. http://t.co/njrMrTrlmM #CruzCrew #PJNET,625823247074865152,7/28/2015 0:21:03,1,1,1,0,0,0,0,0,0,0,0,0,1,0,0,0,0,1,christopher,1,1,1,0,0,0,0,0,0,0,0,0,1,0,0,0,0,1,lauryn,christopherlauryn,0
185,Nobody knows more about how to secure the border than @GovernorPerry #RSG15 http://t.co/WdN8bMpweF,629680364034859008,8/7/2015 15:47:52,1,1,1,1,0,0,0,0,0,0,0,0,0,0,0,0,0,1,christopher,1,1,1,1,0,0,0,0,0,0,0,0,0,0,0,0,0,1,lauryn,christopherlauryn,0
186,Our latest TV ad shows just how dangerous members of the GOP think Trump would be as president.  https://t.co/BLLq4sTPgr,761276799082909696,8/4/2016 19:05:07,-1,1,-1,0,0,0,0,0,0,0,0,0,1,0,1,0,0,1,christopher,-1,1,1,0,0,0,0,0,0,0,0,0,1,0,0,0,0,1,lauryn,christopherlauryn,0
187,Re: State of the Race #DemDebate https://t.co/wREBdFQSc6,707750764383510528,3/10/2016 2:11:46,0,0,0,0,0,0,0,0,0,0,0,0,0,0,0,0,0,0,christopher,0,1,-1,0,0,0,0,0,0,0,0,0,1,0,0,0,1,0,lauryn,christopherlauryn,0
188,"Robotic @marcorubio ""reminded me of the science fiction film Blade Runner."" WATCH: 
#FITN #NHPrimary https://t.co/xyRwOXXBRF",696398104740823040,2/7/2016 18:20:21,-1,1,0,0,0,0,0,0,0,0,0,0,1,0,1,0,0,1,christopher,-1,1,0,0,0,0,0,0,0,0,0,0,1,0,1,0,0,1,lauryn,christopherlauryn,0
189,RT @a_ehrenzeller: @RealBenCarson is looking strong like the phenom @vitorbelfort in tonight's #CNBCGOPDebate #likealion,659545970334674944,10/29/2015 1:43:07,1,1,1,0,0,0,0,0,0,0,0,0,1,0,0,0,0,1,christopher,1,1,1,0,0,0,0,0,0,0,0,0,1,0,0,0,0,1,lauryn,christopherlauryn,0
190,"RT @AudreyScagnelli: 14 more NH endorsements for @CarlyFiorina, including frmr state Sen. Ray White, 4 state reps. Reported by @jdistaso: h",688065373019570176,1/15/2016 18:29:03,1,1,1,0,0,0,0,0,0,0,0,0,1,0,0,0,1,0,christopher,1,1,1,0,0,0,0,0,0,0,0,0,1,0,0,0,1,0,lauryn,christopherlauryn,0
191,"RT @BernieSanders: .@Walmart shouldnt be allowed to pay workers wages so low that many qualify for Medicaid, food stamps, and government h",670634937641525248,11/28/2015 16:06:43,-1,1,-1,0,1,0,0,0,0,0,0,0,0,0,0,0,0,1,christopher,0,1,-1,0,1,0,0,0,0,0,0,0,0,0,0,0,0,1,lauryn,christopherlauryn,0
192,"RT @BernieSanders: We bailed out Wall Street, its their turn to bail out the middle class and help our kids go to college tuition-free. #D",665721539237670912,11/15/2015 2:42:38,1,1,-1,0,1,0,0,0,0,0,0,0,0,0,0,0,0,1,christopher,0,1,-1,0,0,0,0,0,0,1,0,0,0,0,0,0,0,1,lauryn,christopherlauryn,0
193,"RT @cascamike: do the #DebateWithBernie right &amp; follow the @BernieSanders press team: 

@ariannaijones 
@SymoneDSanders 
@kartpath https://",678361619857063936,12/19/2015 23:49:48,1,1,-1,0,0,0,0,0,0,0,0,0,1,0,0,1,0,1,christopher,1,1,-1,0,0,0,0,0,0,0,0,0,1,0,1,0,0,1,lauryn,christopherlauryn,0
194,"RT @DarleneHBrook: @geertwilderspvv http://t.co/ABhmqjwcPH
@tedcruz @tedcruz45 #CruzCrew
#1A #2A #Constitution #IStandWithTedCruz http://t.",595598262867922944,5/5/2015 14:37:46,0,0,0,0,0,0,0,0,0,0,0,0,0,0,0,0,0,0,christopher,0,0,0,0,0,0,0,0,0,0,0,0,0,0,0,0,0,0,lauryn,christopherlauryn,0
195,"RT @DrMartyFox: #WakeUpAmerica 

CLINTON #PRESSTITUTE Stephanopolous 

HID #ClintonFoundation 
DONATION

 http://t.co/EDG7HFmUpm http:/",598982101170425856,5/14/2015 22:43:56,0,0,0,0,0,0,0,0,0,0,0,0,0,0,0,0,0,0,christopher,-1,1,1,0,0,0,0,0,0,0,0,0,1,0,0,0,0,1,lauryn,christopherlauryn,0
196,"RT @FoxNews: .@RealBenCarson: ""I'm not going to use this opportunity to savage the reputation of @tedcruz."" #GOPDebate",696143297073455104,2/7/2016 1:27:50,1,1,1,0,0,0,0,0,0,0,0,0,1,0,0,0,0,1,christopher,0,1,1,0,0,0,0,0,0,0,0,0,1,0,0,0,0,1,lauryn,christopherlauryn,0
197,"RT @FoxNews: .@RealBenCarson: I was petitioned by the people and as long as I have support of We the People, I will continue to go. #H",697626409112461312,2/11/2016 3:41:11,1,1,1,0,0,0,0,0,0,0,0,0,1,0,0,0,0,1,christopher,0,1,1,0,0,0,0,0,0,0,0,0,1,0,0,0,0,1,lauryn,christopherlauryn,0
198,"RT @FoxNews: Tomorrow on @FoxNewsSunday, @CarlyFiorina will discuss ISIS, @POTUS, &amp; 2016. Tune in at 2p &amp; 6p ET! https://t.co/4Y3zkqkcPC",670726846384898048,11/28/2015 22:11:56,1,1,1,0,0,1,0,0,0,0,0,0,0,0,1,0,0,1,christopher,1,1,1,0,0,0,0,0,0,0,0,0,1,0,1,0,0,1,lauryn,christopherlauryn,0
199,RT @iowacruzgirl: @FrankLuntz @tedcruz is the only one talking policy!!!! He is NOT name calling and staying out of it! Rubio and Trump are,705587825463443456,3/4/2016 2:57:01,-1,1,1,0,0,0,0,0,0,0,0,0,1,0,0,0,0,1,christopher,-1,1,1,0,0,0,0,0,0,0,0,0,1,0,0,0,0,1,lauryn,christopherlauryn,0
200,RT @jasondhorowitz: Sanders campaign now tells me it has raised $3 million in the 24 hours since the speech in Des Moines. 4 in 10 donors w,694874765262209024,2/3/2016 13:27:08,0,1,0,0,0,0,0,0,0,0,0,0,1,0,0,0,1,0,christopher,0,1,0,0,0,0,0,0,0,0,0,0,1,0,0,0,1,0,lauryn,christopherlauryn,0
201,RT @JeremyAdler: SC newspaper headlines show huge #Marcomentum is building! https://t.co/oz7J9KHzyK https://t.co/NzYqkNPMbY,700427537210445824,2/18/2016 21:11:52,1,1,1,0,0,0,0,0,0,0,0,0,1,0,0,0,1,0,christopher,1,1,1,0,0,0,0,0,0,0,0,0,1,0,0,0,1,0,lauryn,christopherlauryn,0
202,RT @JustinBarasky: More #Marcomentum https://t.co/mlU5gndYVp,707653031630741504,3/9/2016 19:43:24,1,1,1,0,0,0,0,0,0,0,0,0,1,0,0,0,0,1,christopher,0,1,1,0,0,0,0,0,0,0,0,0,1,0,0,0,0,1,lauryn,christopherlauryn,0
203,"RT @megynkelly: Running for president is tough. Serving as president, which should be the objective, is a little harder, says @JebBush. #",597939356611973120,5/12/2015 1:40:26,0,1,1,0,0,0,0,0,0,0,0,0,1,0,0,0,0,1,christopher,-1,1,1,0,0,0,0,0,0,0,0,0,1,0,0,0,0,1,lauryn,christopherlauryn,0
204,"RT @NatSecCNN: CNN: Rubio, Cotton throw Iran bill passage into question http://t.co/uy5eoDdljW from @tedbarrettcnn",593916596797591552,4/30/2015 23:15:25,0,1,0,0,0,1,0,0,0,0,0,0,0,0,0,0,1,0,christopher,0,1,0,0,0,1,0,0,0,0,0,0,0,0,0,0,1,0,lauryn,christopherlauryn,0
205,"RT @NolteNC: Goo answer from Ted Cruz on Supreme Court fights. 

Establishment sucks.",644335399037480960,9/17/2015 2:21:44,-1,1,1,0,0,0,0,0,0,0,0,0,1,0,0,0,0,1,christopher,0,1,1,0,0,0,0,0,0,0,0,1,0,0,0,0,0,1,lauryn,christopherlauryn,0
206,"RT @PolitiFact: Trump said, 'Crime is rising.' It's not (and hasn't been for decades). Pants on Fire. https://t.co/fGfEN7HE8b https://t.co/",741025457588580352,6/9/2016 21:53:31,-1,1,0,0,0,0,1,0,0,0,0,0,0,0,0,0,1,0,christopher,-1,1,0,0,0,0,1,0,0,0,0,0,0,0,0,0,1,0,lauryn,christopherlauryn,0
207,RT @RealBenCarson: Had a wonderful time speaking with the congregation at @iamcornerstone! Great to see so many people in attendance. https,673694923665727488,12/7/2015 2:46:01,1,0,0,0,0,0,0,0,0,0,0,0,1,0,0,0,0,1,christopher,1,1,1,0,0,0,0,0,0,0,0,0,1,0,0,0,0,1,lauryn,christopherlauryn,0
208,"RT @RealBenCarson: Pres. Obama has told us to trust him on gun rights - just like ""if you like your doctor, you can keep your doctor"".
http",684454252136108032,1/5/2016 19:19:44,-1,1,1,0,0,0,1,0,0,0,0,0,0,0,0,0,0,1,christopher,-1,1,1,0,0,0,1,0,0,0,0,0,0,0,0,0,0,1,lauryn,christopherlauryn,0
209,RT @ReignitePromise: Support #TedCruz and join us live during the #GOPDebate. #CruzCrew https://t.co/WlMPRsoT8W,659523514798579712,10/29/2015 0:13:53,1,1,1,0,0,0,0,0,0,0,0,0,1,0,0,1,0,1,christopher,1,1,1,0,0,0,0,0,0,0,0,0,1,0,1,0,0,1,lauryn,christopherlauryn,0
210,RT @RMConservative: @MarkSKrikorian that could be accomplished by getting rid of chain migration and diversity lottery - roughly 260k worth.,596513848661712896,5/8/2015 3:15:58,0,1,1,1,0,0,0,0,0,0,0,0,0,0,0,0,1,0,christopher,0,1,1,1,0,0,0,0,0,0,0,0,0,0,0,0,0,1,lauryn,christopherlauryn,0
211,RT @SenTomCotton: Today on #PeaceOfficersMemorialDay we honor those who sacrificed their lives to keep us safe. #PoliceWeek,599235100648189952,5/15/2015 15:29:15,1,0,0,0,0,0,1,0,0,0,0,0,0,0,0,0,0,1,christopher,1,0,0,0,0,0,0,0,0,0,0,0,1,0,0,0,0,1,lauryn,christopherlauryn,0
212,RT @ShaneGoldmacher: Tons of press at Cruz's first IA event https://t.co/zbiBmDx3f0,684041807521558528,1/4/2016 16:00:50,0,1,0,0,0,0,0,0,0,0,0,0,1,0,0,0,1,0,christopher,0,1,0,0,0,0,0,0,0,0,0,0,1,0,0,0,0,1,lauryn,christopherlauryn,0
213,"RT @TheBriefing2016: 3. Trump said he would like to go back to a time where women get abortions illegally. Seriously. #WomanCard 

https://",725779615319527424,4/28/2016 20:11:59,-1,1,-1,0,0,0,0,1,0,0,0,0,1,0,0,0,1,0,christopher,-1,1,-1,0,0,0,0,1,0,0,0,0,0,0,0,0,1,0,lauryn,christopherlauryn,0
214,"RT @TheBriefing2016: WSJ: Clinton Vows Not to Raise Taxes on Families Earning Less Than $250,000 https://t.co/7eKsPT9ktA",666047284669476864,11/16/2015 0:17:01,1,1,-1,0,1,0,0,0,0,0,0,0,0,0,0,0,1,0,christopher,0,1,-1,0,1,0,0,0,0,0,0,0,0,0,0,0,1,0,lauryn,christopherlauryn,0
215,"RT @VoteMeadows: Huge night for @tedcruz -- the more voters hear from him, they realize he's the real deal to take on the Washington machin",706260705989763072,3/5/2016 23:30:48,1,1,1,0,0,0,0,0,0,0,0,0,1,0,0,0,0,1,christopher,1,1,1,0,0,0,0,0,0,0,0,0,1,0,0,0,0,1,lauryn,christopherlauryn,0
216,"RT @whignewtons: ""How @CarlyFiorina managed and advised the poobahs at Langley.""  https://t.co/1ihBk6oh2L #CarlyFiorina",676948644696862720,12/16/2015 2:15:08,-1,1,1,0,0,1,0,0,0,0,0,0,0,0,0,0,0,1,christopher,-1,1,1,0,0,0,0,0,0,0,0,0,1,0,0,0,0,1,lauryn,christopherlauryn,0
217,"RT @WSJPolitics: Ted Cruz raised $12.2 million in 3rd quarter, eclipsing GOP rival Marco Rubio http://t.co/GuI856N1Ep",652501576372891648,10/9/2015 15:11:13,0,1,1,0,0,0,0,0,0,0,0,0,1,0,0,0,1,0,christopher,0,1,0,0,0,0,0,0,0,0,0,0,1,0,0,0,1,0,lauryn,christopherlauryn,0
218,"Scott Cooper ""@CarlyFiorina is a true leader in every sense of the word"" via @BreitbartNews  https://t.co/QCuqyvXKXw #Carly2016",672898218334679040,12/4/2015 22:00:11,1,1,1,0,0,0,0,0,0,0,0,0,1,0,0,0,0,1,christopher,1,1,1,0,0,0,0,0,0,0,0,0,1,0,0,0,0,1,lauryn,christopherlauryn,0
219,So What HAS Hillary Done In The Past 30 Or 40 Years? https://t.co/zSddKLWzda,786687708554989568,10/13/2016 21:59:00,-1,1,0,0,0,0,0,0,0,0,0,0,1,0,0,0,0,1,christopher,-1,1,0,0,0,0,0,0,0,0,0,0,1,0,0,0,0,1,lauryn,christopherlauryn,0
220,The LGBT community has come too far to lose its seat at the table. https://t.co/gW0ZrlfIJ1,770302839461675008,8/29/2016 16:51:23,0,1,-1,0,0,0,0,1,0,0,0,0,0,0,0,0,0,1,christopher,-1,1,-1,0,0,0,0,1,0,0,0,0,0,0,0,0,0,1,lauryn,christopherlauryn,0
221,We can't count on Donald Trump in these dangerous times. https://t.co/hnsNJYzfGf https://t.co/a4kQFlGhas,705155276593213440,3/2/2016 22:18:13,-1,1,0,0,0,0,0,0,0,0,0,0,1,0,0,0,0,1,christopher,-1,1,0,0,0,0,0,0,0,0,0,0,1,0,0,0,0,1,lauryn,christopherlauryn,0
222,Were ready to fight back against GOP attacks on @HillaryClinton - and weve got the fundraising numbers to do it.  https://t.co/wnr6eN2O2b,722844683718623232,4/20/2016 17:49:37,1,1,-1,0,0,0,0,0,0,0,0,0,1,0,0,0,1,0,christopher,0,1,-1,0,0,0,0,0,0,0,0,0,1,0,0,0,0,1,lauryn,christopherlauryn,0
223,"What does the #WrongForUs @GOP think about tax fairness in America? Check it out.
https://t.co/qt0Gb5mYUs",664147109604552704,11/10/2015 18:26:24,-1,1,-1,0,1,0,0,0,0,0,0,0,0,0,0,1,0,1,christopher,-1,1,0,0,1,0,0,0,0,0,0,0,0,0,0,1,0,1,lauryn,christopherlauryn,0
224,Where is @RepJoeWilson when you need him? #DemTownHall,702318072552628224,2/24/2016 2:24:11,-1,1,0,0,0,0,0,0,0,0,0,0,1,0,0,0,0,1,christopher,0,1,0,0,0,0,0,0,0,0,0,0,1,0,0,0,0,1,lauryn,christopherlauryn,0
225,"With Iowa hours away, @realDonaldTrump runs to the right, calling for a reversal on same-sex marriage https://t.co/0aoAf5i41O",694271064302419968,2/1/2016 21:28:15,-1,1,0,0,0,0,0,1,0,0,0,0,0,0,0,0,1,0,christopher,0,1,1,0,0,0,0,1,0,0,0,0,0,0,0,0,1,0,lauryn,christopherlauryn,0
226,".@CarlyFiorina I take every media interview as an opportunity to answer real questions and educate people."" https://t.co/MQGrFfzSze",6.7E+17,11/27/2015 18:00:00,0,1,1,0,0,0,0,0,0,0,0,0,1,0,0,0,0,1,christian,0,1,1,0,0,0,0,0,0,0,0,0,1,0,0,0,0,1,emily,emilychristian,0
227,.@CarlyFiorina on the Colorado shooting at Planned Parenthood https://t.co/YkcWR3rZSD #Carly2016,6.71E+17,11/30/2015 1:00:00,0,1,1,0,0,0,0,1,0,0,0,0,0,0,0,0,1,0,christian,0,1,1,0,0,0,0,0,0,0,0,0,1,0,0,0,1,0,emily,emilychristian,0
228,.@GOPleader implies @HouseBenghazi is *actually* all about @HillaryClinton's emails: http://t.co/3fsdWyz6Qr http://t.co/4HIDwkwsjk,6.51E+17,10/6/2015 17:41:00,-1,1,0,0,0,0,0,0,0,0,0,0,1,0,0,0,0,1,christian,-1,1,-1,0,0,0,0,0,0,0,0,0,1,0,0,0,0,1,emily,emilychristian,0
229,.@HillaryClinton has a comprehensive plan to defeat ISIS: https://t.co/9RIy559FDC #GOPDebate,6.77E+17,12/16/2015 2:58:00,-1,1,1,0,0,1,0,0,0,0,0,0,0,0,0,0,0,1,christian,1,1,-1,0,0,1,0,0,0,0,0,0,0,0,0,0,0,1,emily,emilychristian,0
230,".@HillaryClinton has laid out a comprehensive, principled &amp; progressive agenda for our economy #HRC365 https://t.co/ARx7Kg27wp",6.63E+17,11/7/2015 0:02:00,0,1,-1,0,1,0,0,0,0,0,0,0,0,0,0,0,1,0,christian,1,1,-1,0,1,0,0,0,0,0,0,0,0,0,0,0,0,1,emily,emilychristian,0
231,.@RepCummings responds to shocking revelation of @TGowdySC links to STOP Hillary PAC: https://t.co/lD7XQ9eaZT,6.57E+17,10/20/2015 16:25:00,0,1,-1,0,0,0,0,0,0,0,0,0,1,0,0,0,0,1,christian,0,1,-1,0,0,0,0,0,0,0,0,0,1,0,0,0,1,0,emily,emilychristian,0
232,.@ScottWalker continues to show how out-of-touch he is when it comes to women's rights: http://t.co/bJYSud0SPM http://t.co/RiX8FyDWC6,6.42E+17,9/10/2015 19:46:00,-1,1,0,0,0,0,0,1,0,0,0,0,0,0,0,0,0,1,christian,-1,1,0,0,0,0,0,1,0,0,0,0,0,0,0,0,0,1,emily,emilychristian,0
233,"""As President, [@HillaryClinton] will give special and needed attention to cities."" - @TonyYarber https://t.co/Fr9BKEpvNc",6.97E+17,2/9/2016 18:59:00,0,1,-1,0,1,0,0,0,0,0,0,0,0,0,0,0,0,1,christian,1,1,-1,0,0,0,0,0,0,0,0,0,1,0,0,0,1,0,emily,emilychristian,0
234,"""Crimeria""? https://t.co/8uyeMaEyRk",6.98E+17,2/12/2016 14:42:00,0,0,0,0,0,0,0,0,0,0,0,0,1,0,0,0,0,1,christian,0,0,0,0,0,0,0,0,0,0,0,0,1,0,0,0,0,1,emily,emilychristian,0
235,"""It's @realDonaldTrump's party now."" https://t.co/BO6YzUcA2Y #gopconvention",7.56E+17,7/21/2016 15:45:00,0,1,1,0,0,0,0,0,0,0,0,0,1,0,0,0,0,1,christian,0,1,0,0,0,0,0,0,0,0,0,0,1,0,0,0,0,1,emily,emilychristian,0
236,"""Our veterans deserve better."" WATCH: https://t.co/38PAj0SkDq",7.73E+17,9/6/2016 15:48:00,0,1,0,0,0,1,0,0,0,0,0,0,0,0,1,0,0,1,christian,1,0,0,0,0,1,0,0,0,0,0,0,0,0,1,0,0,1,emily,emilychristian,0
237,"""Pro-business"" @marcorubio now wants to shut down businesses if Muslims go there: https://t.co/prMqc2xjl1",6.68E+17,11/20/2015 19:23:00,-1,1,0,0,1,0,0,0,0,0,0,0,0,0,0,0,0,1,christian,-1,1,0,0,0,1,0,0,0,0,0,0,0,0,0,0,1,0,emily,emilychristian,0
238,"""The most important is character. And one of the things I love about the Perrys is that they are very humble people."" http://t.co/rzTNHoA6Fu",6.08E+17,6/10/2015 0:35:00,1,1,1,0,0,0,0,0,0,0,0,0,1,0,0,0,0,1,christian,1,0,1,0,0,0,0,0,0,0,0,0,1,0,0,0,0,1,emily,emilychristian,0
239,@gwmabrey1 @TX1357 Main stream media,7.16E+17,4/2/2016 17:07:00,0,0,0,0,0,0,0,0,0,0,0,0,0,0,0,0,0,0,christian,0,0,0,0,0,0,0,0,0,0,0,0,1,0,0,0,0,1,emily,emilychristian,0
240,@LoveuLynn thanks for  the RT!,6.58E+17,10/25/2015 5:08:00,1,0,0,0,0,0,0,0,0,0,0,0,1,0,0,0,0,1,christian,1,0,1,0,0,0,0,0,0,0,0,0,1,0,0,0,0,1,emily,emilychristian,0
241,@Mike_Beacham help @realDonaldTrump #BuildTheWall https://t.co/hgBen5CdO7,7.78E+17,9/20/2016 13:28:00,0,1,1,0,0,0,0,0,0,0,0,0,1,0,0,0,0,1,christian,0,1,1,1,0,0,0,0,0,0,0,0,0,0,0,0,0,1,emily,emilychristian,0
242,"#CruzCrew
#FF
@AmbJohnBolton @RightWing_Ethos @Conserv_Babe @hlccongress @hannahkauthor @KatrinaPierson @TXPride80 http://t.co/CIQsWXiIPo",5.92E+17,4/24/2015 12:39:00,1,1,1,0,0,0,0,0,0,0,0,0,1,0,0,0,0,1,christian,0,1,1,0,0,0,0,0,0,0,0,0,1,0,0,0,0,1,emily,emilychristian,0
243,#InternationalWomensDay #IWD2016 #ImWithHer https://t.co/LSr0t94zTj,7.07E+17,3/9/2016 0:06:00,1,1,-1,0,0,0,0,1,0,0,0,0,0,0,0,0,0,1,christian,0,1,-1,0,0,0,0,0,0,0,0,0,1,0,0,0,0,1,emily,emilychristian,0
244,#NateSilver Election Update: Polls Show Potential Fallout From Trump Tape https://t.co/fqehcwLXMu,7.86E+17,10/10/2016 23:16:00,0,1,0,0,0,0,0,0,0,0,0,0,1,0,0,0,0,1,christian,0,1,0,0,0,0,0,0,0,0,0,0,1,0,0,0,0,1,emily,emilychristian,0
245,America is the best nation the world ahs ever known! #RNCinCLE #gopconvention #TrumpIsWithYou,7.56E+17,7/22/2016 0:45:00,1,1,1,0,0,0,0,0,0,0,0,0,1,0,0,0,0,1,christian,1,1,1,0,0,0,0,0,0,0,0,0,1,0,0,0,0,1,emily,emilychristian,0
246,Check out this special message https://t.co/2paKS7cND7,6.58E+17,10/25/2015 19:49:00,1,0,0,0,0,0,0,0,0,0,0,0,1,0,1,0,0,1,christian,1,0,0,0,0,0,0,0,0,0,0,0,1,0,1,0,0,1,emily,emilychristian,0
247,"Climate change is real. @HillaryClinton has a plan for it, GOPers want to ignore it http://t.co/JvKK5SVLz6 #CNNdebate",6.44E+17,9/17/2015 2:45:00,-1,1,-1,0,0,0,0,0,1,0,0,0,0,0,0,0,0,1,christian,-1,1,-1,0,0,0,0,0,1,0,0,0,0,0,0,0,1,0,emily,emilychristian,0
248,DNC Superdelegates could flip the Democratic primary results if they wanted to. What you can do about it: https://t.co/aYBAU8KIWg,7.01E+17,2/20/2016 0:33:00,0,1,-1,0,0,0,0,0,0,0,0,1,0,0,0,1,0,1,christian,0,1,-1,0,0,0,0,0,0,0,0,0,1,0,0,0,1,0,emily,emilychristian,0
249,Eagle Tribune Endorses Marco Rubio For President before New Hampshire Primary. https://t.co/0AVOzKxv3m #FITN #NHpolitics #Marcomentum,6.94E+17,2/1/2016 17:49:00,1,1,1,0,0,0,0,0,0,0,0,0,1,0,0,0,1,0,christian,1,1,1,0,0,0,0,0,0,0,0,0,1,0,0,0,1,0,emily,emilychristian,0
250,Everyone agrees: @realBenCarson's tax plan hurts the middle class #GOPDebate https://t.co/eXMhOIzkZ2,6.64E+17,11/11/2015 2:51:00,-1,1,1,0,1,0,0,0,0,0,0,0,0,0,0,0,0,1,christian,-1,1,0,0,1,0,0,0,0,0,0,0,0,0,0,0,0,1,emily,emilychristian,0
251,"http://t.co/EX5Ch39d44
http://t.co/tCbQ54lJtT
#Texas #Colorado #CruzCrew 
Courageous Conservatives http://t.co/ICP6gVUE7P",5.93E+17,4/28/2015 20:31:00,0,0,0,0,0,0,0,0,0,0,0,0,0,0,0,0,0,0,christian,1,1,1,0,0,0,0,0,0,0,0,0,1,0,0,0,0,1,emily,emilychristian,0
252,"http://t.co/EX5Ch39d44
https://t.co/c6MTI5csRO
#CruzCrewCourageous
https://t.co/06dz5IFOhJ
#TedCruz2016 #IFFC  http://t.co/tltIGs26ic",5.92E+17,4/25/2015 23:27:00,0,0,0,0,0,0,0,0,0,0,0,0,0,0,0,0,0,0,christian,1,1,1,0,0,0,0,0,0,0,0,0,1,0,0,0,0,1,emily,emilychristian,0
253,https://t.co/ilOwyRDeU7,6.75E+17,12/10/2015 16:39:00,0,0,0,0,0,0,0,0,0,0,0,0,0,0,0,0,0,0,christian,0,0,0,0,0,0,0,0,0,0,0,0,0,0,0,0,0,0,emily,emilychristian,0
254,https://t.co/RGebIKLg6W,7.71E+17,9/1/2016 14:30:00,0,0,0,0,0,0,0,0,0,0,0,0,0,0,0,0,0,0,christian,0,0,0,0,0,0,0,0,0,0,0,0,0,0,0,0,0,0,emily,emilychristian,0
255,If we don't stop (ISIL) over there. They are coming over here.http://t.co/t59YCUtc72 #FreedomFirst,6.42E+17,9/11/2015 23:02:00,-1,1,0,0,0,1,0,0,0,0,0,0,0,0,0,0,0,1,christian,0,1,1,0,0,1,0,0,0,0,0,0,0,0,0,0,0,1,emily,emilychristian,0
256,"If you have the time (or patience), here's an annotated version of today's @realDonaldTrump speech. https://t.co/ugONHiihxt",7.46E+17,6/22/2016 22:20:00,-1,1,0,0,0,0,0,0,0,0,0,0,1,0,0,0,1,0,christian,0,1,0,0,0,0,0,0,0,0,0,0,1,0,0,0,1,0,emily,emilychristian,0
257,"No matter which GOP cand @KarlRove locks arms with, Priorities will be there to hold them accountable-@JustinBarasky https://t.co/xuCeDIrjB0",7.21E+17,4/14/2016 17:52:00,0,1,1,0,0,0,0,0,0,0,0,0,1,0,0,0,0,1,christian,1,1,-1,0,0,0,0,0,0,0,0,0,1,0,0,0,0,1,emily,emilychristian,0
258,Rick Perry Fights Back Against Donald Trump @NBCNews http://t.co/ugRFSw10nX,6.24E+17,7/24/2015 1:55:00,0,1,1,0,0,0,0,0,0,0,0,0,1,0,0,0,0,1,christian,0,1,0,0,0,0,0,0,0,0,0,0,1,0,0,0,0,1,emily,emilychristian,0
259,RT @dallasnews: The Dallas Morning News cannot recommend @realdonaldtrump for president | @DMNOpinion https://t.co/hiUGRZdtmE https://t.co/,7.73E+17,9/6/2016 13:24:00,-1,1,0,0,0,0,0,0,0,0,0,0,1,0,0,0,0,1,christian,-1,1,0,0,0,0,0,0,0,0,0,0,1,0,0,0,1,0,emily,emilychristian,0
260,"RT @dtoddharris: ATR: Rubios Energy Plan Promises More Growth, Less Government https://t.co/MFg2r66SJt",6.57E+17,10/22/2015 16:32:00,0,1,1,0,0,0,0,0,1,0,0,0,0,0,0,0,0,1,christian,1,1,1,0,0,0,0,0,1,0,0,0,0,0,0,0,1,0,emily,emilychristian,0
261,RT @FoxBusiness: .@RealBenCarson says the Obama administration needs to be more aggressive in the Middle East. Thoughts? #GOPDebate https:/,6.64E+17,11/11/2015 3:40:00,0,1,1,0,0,1,0,0,0,0,0,0,0,0,0,1,0,1,christian,0,1,1,0,0,1,0,0,0,0,0,0,0,0,0,0,1,0,emily,emilychristian,0
262,RT @FoxBusiness: TUNE IN NOW: @RealBenCarson joins @TeamCavuto for LIVE post-debate coverage from Milwaukee. #GOPDebate https://t.co/mJXLpm,6.64E+17,11/11/2015 4:43:00,0,1,1,0,0,0,0,0,0,0,0,0,1,0,0,0,1,0,christian,1,1,1,0,0,0,0,0,0,0,0,0,1,0,1,0,0,1,emily,emilychristian,0
263,"RT @HillaryClinton: George was scammed out of his savingshis retirement, his kids' college fundsby a real estate ""course"" at Trump U. htt",7.76E+17,9/15/2016 1:10:00,-1,1,-1,0,0,0,0,0,0,0,0,0,1,0,0,0,0,1,christian,-1,1,-1,0,0,0,0,0,0,0,0,0,1,0,0,0,0,1,emily,emilychristian,0
264,RT @igorbobic: Ben Carson mobbed by press in spin room https://t.co/XfB4eHgqlw,6.59E+17,10/28/2015 19:35:00,0,1,0,0,0,0,0,0,0,0,0,0,1,0,0,0,0,1,christian,0,1,1,0,0,0,0,0,0,0,0,0,1,0,0,0,0,1,emily,emilychristian,0
265,"RT @jimsciutto: Small warships are in Iranian convoy off #Yemen says Pentagon, certainly ratchets up tension as US warships sail nearby",5.91E+17,4/22/2015 15:59:00,0,1,0,0,0,1,0,0,0,0,0,0,0,0,0,0,0,1,christian,0,1,0,0,0,1,0,0,0,0,0,0,0,0,0,0,0,1,emily,emilychristian,0
266,RT @jneunaber: Folks literally lined up to talk to @BobbyJindal after Dubuque @believeagaingop townhall. 170+ in attend. #iapolitics http:/,6.21E+17,7/14/2015 0:20:00,0,1,1,0,0,0,0,0,0,0,0,0,1,0,0,0,1,0,christian,1,1,1,0,0,0,0,0,0,0,0,0,1,0,0,0,1,0,emily,emilychristian,0
267,"RT @JustinBarasky: Trump, Bush, &amp; Rubios tax plans would drive up debt, concentrate wealth &amp; hurt middle class families https://t.co/sZDT6",6.64E+17,11/10/2015 15:42:00,-1,1,0,0,1,0,0,0,0,0,0,0,0,0,0,0,0,1,christian,-1,1,-1,0,1,0,0,0,0,0,0,0,0,0,0,0,0,1,emily,emilychristian,0
268,"RT @justinbook19: Ted Cruz to Donald Trump: ""Donald, adults learn not to interrupt one another."" Lol! #GOPDebate #TedCruz #Election2016 #du",6.99E+17,2/14/2016 3:33:00,-1,1,1,0,0,0,0,0,0,0,0,0,1,0,0,0,1,0,christian,-1,1,1,0,0,0,0,0,0,0,0,0,1,0,0,0,1,0,emily,emilychristian,0
269,RT @kilmeade: #gopdebate so far all 7 ave a reason to feel good about their performance @tedcruz been strongest @foxandfriends,6.88E+17,1/15/2016 3:40:00,1,1,1,0,0,0,0,0,0,0,0,0,1,0,0,0,0,1,christian,1,1,1,0,0,0,0,0,0,0,0,0,1,0,0,0,0,1,emily,emilychristian,0
270,"RT @lightbluecollar: @megynkelly @CNN took 25 min to get to @RealBenCarson,then over 15 minutes after that.I hope you can find a way to bal",6.77E+17,12/16/2015 3:02:00,0,1,1,0,0,0,0,0,0,0,0,0,1,0,0,0,0,1,christian,-1,1,1,0,0,0,0,0,0,0,0,0,1,0,0,0,1,0,emily,emilychristian,0
271,RT @mightyones1968: @ImmigrationGOP @tedcruz45 STOP this-how can or WHY should be PAY for this,5.92E+17,4/24/2015 18:45:00,-1,1,1,0,0,0,0,0,0,0,0,0,1,0,0,0,0,1,christian,-1,1,1,1,0,0,0,0,0,0,0,0,0,0,0,0,0,1,emily,emilychristian,0
272,"RT @mitchhallwm: ISIL is not ""a regional war. It's a war against humanity."" -@LindseyGrahamSC",6.19E+17,7/8/2015 14:58:00,0,1,1,0,0,1,0,0,0,0,0,0,0,0,0,0,0,1,christian,0,1,1,0,0,1,0,0,0,0,0,0,0,0,0,0,0,1,emily,emilychristian,0
273,RT @MorganMcComb: Ted Rocks!! https://t.co/Y5UWg75xkN,6.65E+17,11/14/2015 6:43:00,1,1,1,0,0,0,0,0,0,0,0,0,1,0,0,0,0,1,christian,1,1,1,0,0,0,0,0,0,0,0,0,1,0,0,0,0,1,emily,emilychristian,0
274,"RT @nobarriers2016: When it comes to child care, @HillaryClinton says it best. #ImWithHer https://t.co/3NB7V5JHNl https://t.co/zcSDllgVxt",7.76E+17,9/14/2016 0:06:00,1,1,-1,0,0,0,0,1,0,0,0,0,0,0,0,0,0,1,christian,1,1,-1,0,0,0,0,0,0,0,0,0,1,0,0,0,0,1,emily,emilychristian,0
275,RT @RealBenCarson: Great to meet with faith leaders last night in Rock Hill. Join our Faith Coalition today: https://t.co/Ls0Cse5Mei https:,6.98E+17,2/12/2016 19:04:00,1,1,1,0,0,0,0,0,0,0,0,0,1,0,0,1,0,1,christian,1,1,1,0,0,0,0,0,0,0,0,0,1,0,0,1,0,1,emily,emilychristian,0
276,"RT @rickwtyler: In Houston, @tedcruz at a press conference with the Governor to address the flooding situation in Texas http://t.co/o8p9ZNz",6.04E+17,5/28/2015 5:30:00,0,1,1,0,0,0,0,0,0,0,0,0,1,0,0,0,1,0,christian,0,1,1,0,0,0,0,0,0,0,0,0,1,0,0,0,1,0,emily,emilychristian,0
277,RT @ron_fournier: Christie earning his way to debate III,6.45E+17,9/17/2015 14:56:00,0,1,1,0,0,0,0,0,0,0,0,0,1,0,0,0,0,1,christian,1,1,1,0,0,0,0,0,0,0,0,0,1,0,0,0,0,1,emily,emilychristian,0
278,"RT @SenTedCruz: The Export-Import Bank kills American jobs, and often favors foreign investment over American investment. #EndExIm http://t",6.14E+17,6/25/2015 4:39:00,0,1,1,0,1,0,0,0,0,0,0,0,0,0,0,0,0,1,christian,-1,1,1,0,1,0,0,0,0,0,0,0,0,0,0,0,0,1,emily,emilychristian,0
279,"RT @Sp9825Micah: @tedcruz @tedcruz45 @THETXEMBASSY  @bodybynance @hannahkauthor @PJMedia_com @ChuckNellis @JanMorganMedia #Patriots

https:",5.99E+17,5/14/2015 15:03:00,0,1,1,0,0,0,0,0,0,0,0,0,1,0,0,0,0,1,christian,0,0,1,0,0,0,0,0,0,0,0,0,1,0,0,0,0,1,emily,emilychristian,0
280,"RT @SpecialKMB1969: Cruise For 1700 School Kids Ends In Tragedy As Migrant Passengers Gang-Rape Girl
#NoRefugees
https://t.co/FVtDZegGGo ht",7.16E+17,4/1/2016 18:26:00,0,1,1,0,0,1,0,0,0,0,0,0,0,0,0,0,1,0,christian,-1,1,1,1,0,0,0,0,0,0,0,0,0,0,0,0,1,0,emily,emilychristian,0
281,"RT @tedcruz: Because of courageous conservatives uniting across America, Im profoundly optimistic well turn this nation around! http://t.",6.12E+17,6/20/2015 19:32:00,1,1,1,0,0,0,0,0,0,0,0,0,1,0,0,0,0,1,christian,1,1,1,0,0,0,0,0,0,0,0,0,1,0,0,0,0,1,emily,emilychristian,0
282,"RT @teddyschleifer: Here's the new 60-second spot from Clinton super PAC @prioritiesUSA, hitting Trump on comments re: disabled persons. ht",7.4E+17,6/6/2016 20:40:00,0,1,-1,0,0,0,0,0,0,0,0,0,1,0,0,0,1,0,christian,0,1,0,0,0,0,0,0,0,0,0,0,1,0,0,0,1,0,emily,emilychristian,0
283,"RT @TheBriefing2016: The Ex-Im Bank has supported more than 1 million jobs. @POTUS, Hillary, &amp; Sherrod Brown support it. Who's opposed? htt",7.08E+17,3/9/2016 14:59:00,1,1,-1,0,1,0,0,0,0,0,0,0,0,0,0,0,1,0,christian,0,1,-1,0,1,0,0,0,0,0,0,0,0,0,0,0,1,0,emily,emilychristian,0
284,"RT @THETXEMBASSY: @Breaking911 
Pray
http://t.co/DyqIFQwlTd
#TheTXEmbassy http://t.co/hUmjrisWUH",5.98E+17,5/13/2015 3:11:00,-1,0,0,0,0,0,0,0,0,0,0,0,1,0,0,0,0,1,christian,0,0,1,0,0,0,0,0,0,0,0,0,1,0,0,0,0,1,emily,emilychristian,0
285,"RT @THETXEMBASSY: http://t.co/Cop8QR0wPX 
#StandForPrinicple 
#CruzCrew  https://t.co/8fogNTPgBl",5.96E+17,5/8/2015 0:48:00,0,1,1,0,0,0,0,0,0,0,0,0,1,0,0,0,0,1,christian,0,1,1,0,0,0,0,0,0,0,0,0,1,0,0,0,0,1,emily,emilychristian,0
286,"RT @TIME: .@RandPaul: ""There is no greater threat than our debt"" #GOPdebate https://t.co/xn9rkNmC3V https://t.co/ZszDSxcCev",6.77E+17,12/16/2015 4:00:00,0,1,1,0,1,0,0,0,0,0,0,0,0,0,0,0,0,1,christian,0,1,1,0,1,0,0,0,0,0,0,0,0,0,0,0,0,1,emily,emilychristian,0
287,RT @tonyurso1: #Cruz2016 ACU score 100% @AACONS @YoungCons @tedcruz45 @FriendlysOrg #TCOT #TCTOT #Conservative @ConservTeachers http://t.co,5.98E+17,5/13/2015 1:05:00,1,1,1,0,0,0,0,0,0,0,0,0,1,0,0,0,0,1,christian,1,1,1,0,0,0,0,0,0,0,0,0,1,0,0,0,0,1,emily,emilychristian,0
288,RT @whignewtons: Some post debate canoodling w her eye candy. #FirstFrank #Carly2016 https://t.co/abZ0B2MhJ7,6.88E+17,1/15/2016 0:57:00,0,1,1,0,0,0,0,0,0,0,0,0,1,0,0,0,0,1,christian,1,1,1,0,0,0,0,0,0,0,0,0,1,0,0,0,1,0,emily,emilychristian,0
289,RT for the Donald.   Fav for Crooked Hillary!! #Maga,7.62E+17,8/5/2016 16:05:00,-1,1,1,0,0,0,0,0,0,0,0,0,1,0,0,0,0,1,christian,-1,1,1,0,0,0,0,0,0,0,0,0,1,0,0,1,0,1,emily,emilychristian,0
290,RT if you're excited @tedcruz was able to sustain brutal attacks &amp; still win #IowaCaucus! Sign up to build momentum: https://t.co/UOdS2KGCUp,6.95E+17,2/2/2016 18:14:00,1,1,1,0,0,0,0,0,0,0,0,0,1,0,0,1,0,1,christian,1,1,1,0,0,0,0,0,0,0,0,0,1,0,0,1,0,1,emily,emilychristian,0
291,See all the crazy things these presidential candidates are saying. (Hint: they're not named @realDonaldTrump) https://t.co/X4Pnpf7HKr,6.82E+17,12/28/2015 17:38:00,-1,1,0,0,0,0,0,0,0,0,0,0,1,0,0,1,0,1,christian,-1,1,0,0,0,0,0,0,0,0,0,0,1,0,1,0,0,1,emily,emilychristian,0
292,So its not because hes under audit? https://t.co/wgJXNyYtRg,7.77E+17,9/16/2016 17:52:00,-1,0,0,0,0,0,0,0,0,0,0,0,1,0,0,0,0,1,christian,-1,1,0,0,0,0,0,0,0,0,0,0,1,0,0,0,0,1,emily,emilychristian,0
293,The 2016 Committee is now The 2016 Committee For Our Children's Future #winbenwin #Carson2016 #BC2DC16,6.55E+17,10/15/2015 23:38:00,0,1,1,0,0,0,0,0,0,0,0,0,1,0,0,0,1,0,christian,0,1,1,0,0,0,0,0,0,0,0,0,1,0,0,0,1,0,emily,emilychristian,0
294,The U.S. education system is failing. Dr. Carson has a plan to fix it. https://t.co/9llrlRszD3 #IowaCaucus https://t.co/om0gm9ra7E,6.94E+17,2/1/2016 20:36:00,0,1,1,0,0,0,0,0,0,1,0,0,0,0,0,0,0,1,christian,0,1,1,0,0,0,0,0,0,1,0,0,0,0,0,0,0,1,emily,emilychristian,0
295,This is part of our Bernie Sanders South Carolina campaign https://t.co/7yiVq8aKXj,6.72E+17,12/1/2015 1:48:00,0,1,-1,0,0,0,0,0,0,0,0,0,1,0,0,0,1,0,christian,0,1,-1,0,0,0,0,0,0,0,0,0,1,0,0,0,1,0,emily,emilychristian,0
296,This nation is at a generational point where it needs to choose what it's going to be in the 21st century #GOPDebate https://t.co/CDoo0it1Zl,6.64E+17,11/11/2015 1:00:00,0,1,1,0,0,0,0,0,0,0,0,0,1,0,0,0,0,1,christian,0,1,1,0,0,0,0,0,0,0,0,0,1,0,0,0,0,1,emily,emilychristian,0
297,Walker tells South Carolina crowd he's a fighter &amp; a winner. http://t.co/RPGcACP7u1 #Walker16,6.36E+17,8/25/2015 14:48:00,1,1,1,0,0,0,0,0,0,0,0,0,1,0,0,0,1,0,christian,1,1,1,0,0,0,0,0,0,0,0,0,1,0,0,0,1,0,emily,emilychristian,0
298,"We don't need ""campaign conservatives"" who only say the right thing in debates. @tedcruz is a proven conservative.  https://t.co/eaXm6gMavg",6.29E+17,8/7/2015 2:26:00,-1,1,1,0,0,0,0,0,0,0,0,0,1,0,0,0,0,1,christian,1,1,1,0,0,0,0,0,0,0,0,0,1,0,0,0,0,1,emily,emilychristian,0
299,We don't stop the bad guys by giving away our guns. We stop them by using our guns. ~ #TedCruz at @Heritage #2A,6.75E+17,12/10/2015 15:31:00,0,1,1,0,0,0,1,0,0,0,0,0,0,0,0,0,0,1,christian,0,1,1,0,0,0,1,0,0,0,0,0,0,0,0,0,0,1,emily,emilychristian,0
300,When the most qualified candidate in decades is accused of only having the woman card going for her https://t.co/VXmGmewSWU,7.25E+17,4/27/2016 21:29:00,-1,1,-1,0,0,0,0,0,0,0,0,0,1,0,0,0,0,1,christian,-1,1,-1,0,0,0,0,0,0,0,0,0,1,0,0,0,0,1,emily,emilychristian,0
301,"...And he's a ""doctor""? #GOPecards http://t.co/FIKRmxVYSu",6.39199E+17,9/2/2015 22:10:00,-1,1,-1,0,0,0,0,0,0,0,0,0,1,0,0,0,0,1,emily,-1,1,0,0,0,0,0,0,0,0,0,0,1,0,0,0,0,1,lauryn,laurynemily,0
302,.@ABC ASK BEN CARSON A QUESTION,6.9615E+17,2/7/2016 1:54:00,0,1,1,0,0,0,0,0,0,0,0,0,1,0,0,0,0,1,emily,0,1,0,0,0,0,0,0,0,0,0,0,1,0,0,1,0,1,lauryn,laurynemily,0
303,.@DrOz should ask #Trump about his stance on debunked vaccination myths. https://t.co/EudbkQ9W2q,7.76464E+17,9/15/2016 16:52:00,0,1,0,0,0,0,0,0,0,0,1,0,0,0,0,0,0,1,emily,-1,1,0,0,0,0,0,0,0,0,1,0,0,0,0,0,0,1,lauryn,laurynemily,0
304,".@HillaryClinton helped restore America's leadership and standing in the world.
https://t.co/pXFAX6DzJz #GOPDebate",6.76961E+17,12/16/2015 3:05:00,1,1,-1,0,0,0,0,0,0,0,0,0,1,0,0,0,0,1,emily,1,1,-1,0,0,0,0,0,0,0,0,0,1,0,0,0,0,1,lauryn,laurynemily,0
305,".@JohnKasich shows us what he has done, and will do again, to lift all Americans. #Kasich4Us #CNNDebate https://t.co/DOH78JJZBq",6.44348E+17,9/17/2015 3:12:00,1,1,1,0,0,0,0,0,0,0,0,0,1,0,0,0,0,1,emily,1,1,1,0,0,0,0,0,0,0,0,0,1,0,0,0,0,1,lauryn,laurynemily,0
306,.@MarcoRubio missing #IranDeal vote is just the latest in his absentee record: http://t.co/oRQYjVqSs2,6.44574E+17,9/17/2015 18:10:00,-1,1,0,0,0,1,0,0,0,0,0,0,0,0,0,0,1,0,emily,-1,1,0,0,0,0,0,0,0,0,0,0,1,0,0,0,0,1,lauryn,laurynemily,0
307,.@marcorubio's operation is relying on unprecedented dark money spending https://t.co/JR6EkWeU47 via @awprokop,1498,11/24/2015 15:55:00,-1,1,0,0,0,0,0,0,0,0,0,0,1,0,0,0,0,1,emily,0,1,0,0,0,0,0,0,0,0,0,0,1,0,0,0,1,0,lauryn,laurynemily,0
308,.@realDonaldTrump has no idea what our veterans have experienced. https://t.co/zHROcPfc1K,7.8092E+17,9/28/2016 0:01:00,-1,1,0,0,0,1,0,0,0,0,0,0,0,0,0,0,0,1,emily,-1,1,0,0,0,0,0,0,0,0,0,0,1,0,0,0,0,1,lauryn,laurynemily,0
309,".@realDonaldTrump's plan to keep America safe:
#GOPDebate https://t.co/11508peN6y",6.98694E+17,2/14/2016 2:24:00,0,1,0,0,0,1,0,0,0,0,0,0,0,0,0,0,1,0,emily,0,1,0,0,0,0,0,0,0,0,0,0,1,0,0,0,1,0,lauryn,laurynemily,0
310,.@ThePlumLineGS: African Americans have a lot to lose from a Trump presidency https://t.co/NGEiQSnpHY,7.68168E+17,8/23/2016 19:29:00,-1,1,-1,0,0,0,0,0,0,0,0,0,1,0,0,0,0,1,emily,-1,1,0,0,0,0,0,1,0,0,0,0,0,0,0,0,0,1,lauryn,laurynemily,0
311,.@washingtonpost: It is clear Trump wants to force schools to allow guns--on his first day as President. https://t.co/39TuRK1zes,7.32981E+17,5/18/2016 17:06:00,0,1,0,0,0,0,1,0,0,0,0,0,0,0,0,0,0,1,emily,0,1,0,0,0,0,1,0,0,0,0,0,0,0,0,0,0,1,lauryn,laurynemily,0
312,"""The Koch brothers are some of the biggest deck stackers you can find"" -- @HillaryClinton #MSNBC2016 https://t.co/vgIjMyettt",6.62819E+17,11/7/2015 2:29:00,-1,1,-1,0,0,0,0,0,0,0,0,0,1,0,0,0,0,1,emily,-1,1,-1,0,0,0,0,0,0,0,0,0,1,0,0,0,0,1,lauryn,laurynemily,0
313,@magnifier661 Yet still less than the amount of illegals employed by Donald Trump.,7.05834E+17,3/4/2016 19:14:00,-1,1,0,1,0,0,0,0,0,0,0,0,0,0,0,0,0,1,emily,-1,1,0,1,0,0,0,0,0,0,0,0,1,0,0,0,1,0,lauryn,laurynemily,0
314,@MarcoRubio just flat-out lied to the American people Marco lied about his financials.  @JoeNBc https://t.co/NM5FC6Tdze #GOPYearInReview,6.82351E+17,12/31/2015 0:00:00,-1,1,0,0,0,0,0,0,0,0,0,0,1,0,0,0,1,0,emily,-1,1,0,0,0,0,0,0,0,0,0,0,1,0,0,0,1,0,lauryn,laurynemily,0
315,@rickwtyler @tedcruz https://t.co/de9z3KMuDt,5.96352E+17,5/7/2015 16:32:00,0,0,0,0,0,0,0,0,0,0,0,0,0,0,0,0,0,0,emily,0,0,0,0,0,0,0,0,0,0,0,0,0,0,0,0,0,0,lauryn,laurynemily,0
316,#ImWithHer #DemDebate @HillaryClinton #Hillary2016 http://t.co/bgwdbwHZY3,6.54126E+17,10/14/2015 2:45:00,1,1,-1,0,0,0,0,0,0,0,0,0,1,0,0,0,0,1,emily,0,1,-1,0,0,0,0,0,0,0,0,0,1,0,0,0,0,1,lauryn,laurynemily,0
317,#LoveWins http://t.co/j0q0CxgK4H,6.14518E+17,6/26/2015 19:38:00,1,0,-1,0,0,0,0,1,0,0,0,0,0,0,0,0,0,1,emily,1,1,-1,0,0,0,0,1,0,0,0,0,0,0,0,0,0,1,lauryn,laurynemily,0
318,#Millennials: The #NewHampshire Primary is TOMORROW. Who are you voting for? WATCH: https://t.co/n6TZ2MgBXs #allinforjeb #FITN #NHpolitics,6.96814E+17,2/8/2016 21:53:00,1,1,1,0,0,0,0,0,0,0,0,0,1,0,1,0,0,1,emily,0,1,1,0,0,0,0,0,0,0,0,0,1,0,1,0,0,1,lauryn,laurynemily,0
319,#News FULL SPEECH: Trump addresses Charlotte violence in energy speech https://t.co/SJFyuZ9H5W,7.79059E+17,9/22/2016 20:46:00,0,1,1,0,0,0,1,0,0,0,0,0,0,0,0,0,0,1,emily,0,1,0,0,0,0,0,0,0,0,0,0,1,0,0,0,1,0,lauryn,laurynemily,0
320,"#News Senate Forecast: The Map Favors Democrats, Ever So Slightly https://t.co/sBxGjo8pTX",7.7901E+17,9/22/2016 17:32:00,1,1,-1,0,0,0,0,0,0,0,0,0,1,0,0,0,0,1,emily,0,1,0,0,0,0,0,0,0,0,0,0,1,0,0,0,1,0,lauryn,laurynemily,0
321,"#Trump had an interview with @60Minutes. Oh, and @mike_pence was there too.
WATCH:
https://t.co/gQhqfKH1TF",7.55022E+17,7/18/2016 12:52:00,0,1,0,0,0,0,0,0,0,0,0,0,1,0,1,0,1,0,emily,-1,1,0,0,0,0,0,0,0,0,0,0,1,0,0,0,1,0,lauryn,laurynemily,0
322,"#Trump: ""We need truth, we do need truth"" 
We agree; you can state with correcting all your lies https://t.co/CFW4UneHVK",7.88169E+17,10/18/2016 0:04:00,-1,1,0,0,0,0,0,0,0,0,0,0,1,0,0,0,0,1,emily,0,1,0,0,0,0,0,0,0,0,0,0,1,0,0,0,0,1,lauryn,laurynemily,0
323,15 hours of #TrumpLies: https://t.co/CwplbYImvc,7.60495E+17,8/2/2016 15:18:00,-1,1,0,0,0,0,0,0,0,0,0,0,1,0,0,0,0,1,emily,-1,1,0,0,0,0,0,0,0,0,0,0,1,0,0,0,1,0,lauryn,laurynemily,0
324,Ben Carson just made his 3.4 millionth fan on Facebook. #winbenwin,6.44624E+17,9/17/2015 21:29:00,1,1,1,0,0,0,0,0,0,0,0,0,1,0,0,0,1,0,emily,1,1,1,0,0,0,0,0,0,0,0,0,1,0,0,0,1,0,lauryn,laurynemily,0
325,"Check out the latest video in our #WrongForUs series. These @GOP candidates are all wrong on national security.
https://t.co/KIftsu5KB1",6.84842E+17,1/6/2016 21:00:00,-1,1,-1,0,0,1,0,0,0,0,0,0,0,0,1,0,0,1,emily,-1,1,0,0,0,1,0,0,0,0,0,0,0,0,0,0,0,1,lauryn,laurynemily,0
326,"Clinton's plan: $20bil prgm to create jobs, provide funds to end school to prison pipeline https://t.co/uV3Lb4Qrci",7.00001E+17,2/17/2016 16:57:00,0,1,-1,0,1,0,0,0,0,0,0,0,0,0,0,0,1,0,emily,0,1,-1,0,1,0,0,0,0,0,0,0,0,0,0,0,1,0,lauryn,laurynemily,0
327,Five years of tax information from the 1970s show @realDonaldTrump has a history of business failures. https://t.co/2Skqv9lLiB,7.83819E+17,10/6/2016 0:01:00,-1,0,0,0,0,0,0,0,0,0,0,0,1,0,0,0,1,0,emily,-1,1,0,0,0,0,0,0,0,0,0,0,1,0,0,0,1,0,lauryn,laurynemily,0
328,High praise from one president to (hopefully) our next. #DemsInPhilly https://t.co/vLYSVyRpSe,7.58099E+17,7/27/2016 0:36:00,1,1,-1,0,0,0,0,0,0,0,0,0,1,0,0,0,0,1,emily,1,1,-1,0,0,0,0,0,0,0,0,0,1,0,0,0,0,1,lauryn,laurynemily,0
329,https://t.co/KaXLKhpxDH,6.77882E+17,12/18/2015 16:02:00,0,0,0,0,0,0,0,0,0,0,0,0,0,0,0,0,0,0,emily,0,0,0,0,0,0,0,0,0,0,0,0,0,0,0,0,0,0,lauryn,laurynemily,0
330,IA State Rep Josh Byrnes shares why he is #CaucusingForCarly  on February1st in this week's #WhyCarlyWednesday https://t.co/6sf9tyeUPC,6.89976E+17,1/21/2016 1:00:00,1,1,1,0,0,0,0,0,0,0,0,0,1,0,0,0,1,0,emily,0,1,1,0,0,0,0,0,0,0,0,0,1,0,0,0,1,0,lauryn,laurynemily,0
331,ICYMI: @nytimes editorial: Shut Down the Benghazi Committee http://t.co/GhAaOWPH6t,6.51771E+17,10/7/2015 14:50:00,0,1,-1,0,0,0,0,0,0,0,0,0,1,0,0,0,0,1,emily,0,1,-1,0,0,1,0,0,0,0,0,0,0,0,0,0,0,1,lauryn,laurynemily,0
332,It's 2016! It's time for Carlys leadership in the White House! https://t.co/gUf2MLpHMj,6.84366E+17,1/5/2016 13:30:00,1,1,1,0,0,0,0,0,0,0,0,0,1,0,0,0,0,1,emily,1,1,1,0,0,0,0,0,0,0,0,0,1,0,0,0,0,1,lauryn,laurynemily,0
333,Its obvious that weve never had a major party nominee who was so plainly motivated by his own insecurities. https://t.co/p6RJlqAnNX,7.48608E+17,6/30/2016 20:02:00,-1,1,0,0,0,0,0,0,0,0,0,0,1,0,0,0,0,1,emily,-1,1,0,0,0,0,0,0,0,0,0,0,1,0,0,0,0,1,lauryn,laurynemily,0
334,"Lrgst Independent Effort Aimed At Targeting Millennial Women In History Will Run Ads On FB, Insta, Twitter, Pre-Roll https://t.co/McLfYkIrP9",7.0442E+17,2/29/2016 21:38:00,0,1,0,0,0,0,0,0,0,0,0,0,1,0,0,0,1,0,emily,0,1,0,0,0,0,0,0,0,0,0,0,1,0,0,0,1,0,lauryn,laurynemily,0
335,"More than any other candidate running, Hillary Clinton understands the environmental challenges America faces. https://t.co/JWraj9A8XO",7.37736E+17,5/31/2016 20:04:00,1,1,-1,0,0,0,0,0,1,0,0,0,0,0,0,0,0,1,emily,0,1,-1,0,0,0,0,0,1,0,0,0,0,0,0,0,0,1,lauryn,laurynemily,0
336,Must read: @MarcoRubio lays out 10 things Americans should know about the Iran Deal http://t.co/VZ6xK4cKXi,6.41312E+17,9/8/2015 18:06:00,0,1,1,0,0,1,0,0,0,0,0,0,0,0,0,0,1,0,emily,0,1,1,0,0,1,0,0,0,0,0,0,0,0,0,0,0,1,lauryn,laurynemily,0
337,On her tour of Appalachia @HillaryClinton touted her $30 billion plan to help coal workers: https://t.co/bBpyuT2WC4 https://t.co/5bgqpW8mPZ,7.30027E+17,5/10/2016 13:31:00,0,1,-1,0,1,0,0,0,0,0,0,0,0,0,0,0,1,0,emily,0,1,-1,0,1,0,0,0,0,0,0,0,0,0,0,0,1,0,lauryn,laurynemily,0
338,"Real Leader's #sctweets 
Lucky you South Carolina in excellent hands with @ChooseCruz2016 @TN_For_Ted_Cruz #TedCruz http://t.co/fE7OsRVkHk",5.94298E+17,5/2/2015 0:30:00,1,1,1,0,0,0,0,0,0,0,0,0,1,0,0,0,0,1,emily,0,0,0,0,0,0,0,0,0,0,0,0,1,0,0,0,0,1,lauryn,laurynemily,0
339,Republicans block Democrat's attempt to shut down the partisan Benghazi Committee. http://t.co/wEHfXlAzps,6.51766E+17,10/7/2015 14:30:00,-1,1,-1,0,0,0,0,0,0,0,0,0,1,0,0,0,1,0,emily,0,1,0,0,0,1,0,0,0,0,0,0,0,0,0,0,1,0,lauryn,laurynemily,0
340,"RT @amandacarpenter: Awful headline. Cruz never ""silent."" Other candidates, yes but not him https://t.co/o4hlw1tgCW",6.70788E+17,11/29/2015 2:14:00,-1,1,1,0,0,0,0,0,0,0,0,0,1,0,0,0,0,1,emily,-1,1,1,0,0,0,0,0,0,0,0,0,1,0,0,0,0,1,lauryn,laurynemily,0
341,"RT @AnnaBeTweetin: Out delivering ""Citizen Carly"" DVDs today... voters are excited to learn more about @CarlyFiorina's story! https://t.co/",6.93273E+17,1/30/2016 3:20:00,1,1,1,0,0,0,0,0,0,0,0,0,1,0,0,0,0,1,emily,1,1,1,0,0,0,0,0,0,0,0,0,1,0,0,0,0,1,lauryn,laurynemily,0
342,"RT @BernieSanders: My friends, a political revolution is coming to New Hampshire and its coming to America. #fitn https://t.co/ZsWTl7yl0T",6.62363E+17,11/5/2015 20:17:00,1,1,-1,0,0,0,0,0,0,0,0,0,1,0,0,0,0,1,emily,0,1,-1,0,0,0,0,0,0,0,0,0,1,0,0,0,0,1,lauryn,laurynemily,0
343,RT @CBSNews: WATCH LIVE: Former Florida Gov. Jeb Bush addresses the RedState Gathering in Atlanta: http://t.co/6LTj2CT54C,6.30071E+17,8/8/2015 17:40:00,1,1,1,0,0,0,0,0,0,0,0,0,1,0,1,0,1,0,emily,0,1,0,0,0,0,0,0,0,0,0,0,1,0,1,0,1,0,lauryn,laurynemily,0
344,RT @CNNnewsroom: New polls show @BernieSanders leading @HillaryClinton in both #Iowa &amp; #NewHampshire. https://t.co/pdu6KwvxDq https://t.co/,6.87447E+17,1/14/2016 1:31:00,1,1,-1,0,0,0,0,0,0,0,0,0,1,0,0,0,1,0,emily,0,1,0,0,0,0,0,0,0,0,0,0,1,0,0,0,1,0,lauryn,laurynemily,0
345,"RT @cvpayne: .@tedcruz apologizes to @RealBenCarson https://t.co/yBz0kV6jrp
I think Ben will accept it...would you?",6.94593E+17,2/2/2016 18:48:00,0,1,1,0,0,0,0,0,0,0,0,0,1,0,0,0,0,1,emily,0,1,0,0,0,0,0,0,0,0,0,0,1,0,0,0,1,0,lauryn,laurynemily,0
346,"RT @davidbrockdc: Was only a matter of time before the Koch Bros used their ""pro-vets"" org against @HillaryClinton: https://t.co/WERzUJycnp",6.62674E+17,11/6/2015 16:52:00,-1,1,-1,0,0,0,0,0,0,0,0,0,1,0,0,0,0,1,emily,-1,1,0,0,0,0,0,0,0,0,0,0,1,0,0,0,0,1,lauryn,laurynemily,0
347,"RT @FrankLuntz: Donald Trump just dug a big hole And jumped in.

@TedCruz crushed him in that exchange.",6.87827E+17,1/15/2016 2:43:00,-1,1,1,0,0,0,0,0,0,0,0,0,1,0,0,0,0,1,emily,-1,1,0,0,0,0,0,0,0,0,0,0,1,0,0,0,0,1,lauryn,laurynemily,0
348,RT @hannahkauthor: @Conserv_Babe @DavidAcquaviva @RecvringLeftist @gobudley @tedcruz45 @del_tiera @ABILITIESmeF @Levi17twit #FF to all. Tha,5.91773E+17,4/25/2015 1:15:00,0,0,1,0,0,0,0,0,0,0,0,0,1,0,0,0,0,1,emily,0,0,0,0,0,0,0,0,0,0,0,0,0,0,0,0,0,0,lauryn,laurynemily,0
349,RT @HillaryClinton: Have student debt? Here are five ways Hillary wants to help. https://t.co/5mfwoGXKAx,7.07645E+17,3/9/2016 19:12:00,1,1,-1,0,1,0,0,0,0,0,0,0,0,0,0,0,1,0,emily,1,1,-1,0,0,0,0,0,0,1,0,0,0,0,0,0,1,0,lauryn,laurynemily,0
350,RT @HillaryClinton: Our next president needs to have the right temperament to meet the challenges we face. https://t.co/XMDZPtLNMB,7.77884E+17,9/19/2016 14:57:00,0,1,-1,0,0,0,0,0,0,0,0,0,1,0,0,0,0,1,emily,0,1,-1,0,0,0,0,0,0,0,0,0,1,0,0,0,0,1,lauryn,laurynemily,0
351,"RT @HillaryClinton: President Obama endorses Hillary: ""I dont think theres ever been someone so qualified to hold this office."" https://t",7.40966E+17,6/9/2016 17:56:00,1,1,-1,0,0,0,0,0,0,0,0,0,1,0,0,0,1,0,emily,1,1,-1,0,0,0,0,0,0,0,0,0,1,0,0,0,1,0,lauryn,laurynemily,0
352,"RT @HuffPostPol: Even after major GOP backlash, Ted Cruz still won't endorse Donald Trump https://t.co/BUZbctyKLJ https://t.co/0dFme7KNui",7.56192E+17,7/21/2016 18:21:00,0,1,1,0,0,0,0,0,0,0,0,0,1,0,0,0,0,1,emily,-1,1,0,0,0,0,0,0,0,0,0,0,1,0,0,0,1,0,lauryn,laurynemily,0
353,RT @hughhewitt: Joined now by @tedcruz Listen online https://t.co/TjpNZeXGN0,6.93263E+17,1/30/2016 2:40:00,1,1,1,0,0,0,0,0,0,0,0,0,1,0,1,0,0,1,emily,0,1,1,0,0,0,0,0,0,0,0,0,1,0,0,1,1,0,lauryn,laurynemily,0
354,"RT @IowaGOPer: I don't think its correct to wonder ""if"" @GovernorPerry will get a second chance, it's when.  I think it will be sooner than",6.07548E+17,6/7/2015 14:03:00,1,1,1,0,0,0,0,0,0,0,0,0,1,0,0,0,0,1,emily,0,1,1,0,0,0,0,0,0,0,0,0,1,0,0,0,0,1,lauryn,laurynemily,0
355,RT @jaketapper: Stanely McChrystal: I'd decline 'any role' with Donald Trump - https://t.co/4kGK7SPuhq https://t.co/c1U0057ucb,7.52946E+17,7/12/2016 19:19:00,-1,1,0,0,0,0,0,0,0,0,0,0,1,0,0,0,1,0,emily,0,1,0,0,0,0,0,0,0,0,0,0,1,0,0,0,0,1,lauryn,laurynemily,0
356,RT @jonmcclellan: Courageous Conservatives are uniting across Iowa for @tedcruz! Packed house tonight in West Des Moines #iacaucus https://,6.92787E+17,1/28/2016 19:09:00,1,1,1,0,0,0,0,0,0,0,0,0,1,0,0,0,0,1,emily,1,1,1,0,0,0,0,0,0,0,0,0,1,0,0,0,0,1,lauryn,laurynemily,0
357,RT @learyreports: .@BenSasse introducing @marcorubio at packed pre-debate rally in West Des Moines. https://t.co/SfyCe7ecTc,6.92784E+17,1/28/2016 18:57:00,1,1,1,0,0,0,0,0,0,0,0,0,1,0,0,0,1,0,emily,0,1,0,0,0,0,0,0,0,0,0,0,1,0,0,0,1,0,lauryn,laurynemily,0
358,"RT @LindseyGrahamSC: Going On the Record w/ @greta tonight at 7pm. Talking 2016 and more LIVE from Manchester, NH tune into @FoxNews #FITN",6.64234E+17,11/11/2015 0:13:00,1,1,1,0,0,0,0,0,0,0,0,0,1,0,1,0,1,0,emily,0,1,1,0,0,0,0,0,0,0,0,0,1,0,1,0,0,1,lauryn,laurynemily,0
359,RT @nobarriers2016: #ImWithHer https://t.co/KN16h2Cnej,7.45688E+17,6/22/2016 18:41:00,1,1,-1,0,0,0,0,0,0,0,0,0,1,0,0,0,0,1,emily,0,1,-1,0,0,0,0,0,0,0,0,0,1,0,0,0,0,1,lauryn,laurynemily,0
360,RT @RJPorter10: Ben Carson you're brilliant.,6.64265E+17,11/11/2015 2:13:00,1,0,1,0,0,0,0,0,0,0,0,0,1,0,0,0,0,1,emily,1,1,1,0,0,0,0,0,0,0,0,0,1,0,0,0,0,1,lauryn,laurynemily,0
361,RT @speechboy71: My heart goes out to the people who have to fact check this speech,7.45639E+17,6/22/2016 15:26:00,-1,1,-1,0,0,0,0,0,0,0,0,0,1,0,0,0,0,1,emily,-1,1,0,0,0,0,0,0,0,0,0,0,1,0,0,0,0,1,lauryn,laurynemily,0
362,"RT @TheBriefing2016: Given his concern about officials using personal emails abroad, someone should let Jason Chaffetz know about this... h",7.51072E+17,7/7/2016 15:15:00,-1,1,-1,0,0,0,0,0,0,0,0,0,1,0,0,0,0,1,emily,-1,1,0,0,0,1,0,0,0,0,0,0,0,0,0,0,0,1,lauryn,laurynemily,0
363,RT @TheBriefing2016: Trumps spokesperson: No foreign policy advisors were prepared to announce at this time. Its June...https://t.co/H,7.44906E+17,6/20/2016 14:53:00,-1,1,-1,0,0,0,0,0,0,0,0,0,1,0,0,0,1,0,emily,0,1,0,0,0,0,0,0,0,0,0,0,1,0,0,0,1,0,lauryn,laurynemily,0
364,"Scott Walker's plan ""make[s] it possible for anyone who wants health insurance to be able to get it"" http://t.co/HhP1t5hYSV #Walker16",6.344E+17,8/20/2015 16:22:00,1,1,1,0,0,0,0,0,0,0,1,0,0,0,0,0,0,1,emily,1,1,1,0,0,0,0,0,0,0,1,0,0,0,0,0,1,0,lauryn,laurynemily,0
365,"Sen. @RandPaul held a hearing yesterday to mitigate wasteful, end of the year federal spending http://t.co/PN1wd6jbWU #StandwithRand",6.49571E+17,10/1/2015 13:06:00,1,1,1,0,1,0,0,0,0,0,0,0,0,0,0,0,1,0,emily,0,1,1,0,1,0,0,0,0,0,0,0,0,0,0,0,1,0,lauryn,laurynemily,0
366,Start by registering to vote today: https://t.co/Qukq3cNRik https://t.co/yCuZB0y66h,7.85974E+17,10/11/2016 22:43:00,0,1,0,0,0,0,0,0,0,0,0,0,1,0,0,0,0,1,emily,0,1,0,0,0,0,0,0,0,0,0,0,1,0,0,0,0,1,lauryn,laurynemily,0
367,That's why his hair is so big. It's full of secrets. #GOPTownHall https://t.co/bh01WxnTL6,7.0015E+17,2/18/2016 2:49:00,-1,1,1,0,0,0,0,0,0,0,0,0,1,0,0,0,0,1,emily,-1,1,0,0,0,0,0,0,0,0,0,0,1,0,0,0,0,1,lauryn,laurynemily,0
368,"The GOP primary has proven Mark Twain correct: the truth is stranger than fiction.
https://t.co/AuSuQzRpEr via @diligentbureauct",6.76453E+17,12/14/2015 17:25:00,-1,1,-1,0,0,0,0,0,0,0,0,0,1,0,0,0,0,1,emily,-1,1,0,0,0,0,0,0,0,0,0,0,1,0,0,0,0,1,lauryn,laurynemily,0
369,The voters have spoken #LetCarlyDebate @ABC @GOP https://t.co/hcF8NPZejJ,6.96108E+17,2/6/2016 23:09:00,1,1,1,0,0,0,0,0,0,0,0,0,1,0,0,0,0,1,emily,0,1,1,0,0,0,0,0,0,0,0,0,1,0,0,0,0,1,lauryn,laurynemily,0
370,Time Is Running Out to Abolish Superdelegate Dominance https://t.co/BOdXcbl2og,7.58741E+17,7/28/2016 19:10:00,0,1,-1,0,0,0,0,0,0,0,0,0,1,0,0,0,0,1,emily,0,1,-1,0,0,0,0,0,0,0,0,1,0,0,0,0,1,0,lauryn,laurynemily,0
371,To put it lightly: https://t.co/9Tal5oJikA,7.88418E+17,10/18/2016 16:36:00,0,0,0,0,0,0,0,0,0,0,0,0,1,0,0,0,0,1,emily,0,0,0,0,0,0,0,0,0,0,0,0,1,0,0,0,0,1,lauryn,laurynemily,0
372,Watch now: Marco Rubio's response to Turkey shooting down Russian warplane: https://t.co/dUqV2ppotr,6.69226E+17,11/24/2015 18:46:00,1,1,1,0,0,1,0,0,0,0,0,0,0,0,1,0,1,0,emily,0,1,0,0,0,1,0,0,0,0,0,0,0,0,1,0,0,1,lauryn,laurynemily,0
373,We launched 2 new Spanish-language ads in NV &amp; FL today with @SEIU/@iAmericaorg. Check them out! https://t.co/1lmGBk5E4c,7.83348E+17,10/4/2016 16:48:00,1,1,-1,0,0,0,0,0,0,0,0,0,1,0,1,0,1,0,emily,1,1,0,0,0,0,0,0,0,0,0,0,1,0,1,0,1,0,lauryn,laurynemily,0
374,"What a great closing statement

#GOPDebate  https://t.co/rLe7CLnRJN",7.08141E+17,3/11/2016 4:02:00,1,1,1,0,0,0,0,0,0,0,0,0,1,0,0,0,0,1,emily,1,0,0,0,0,0,0,0,0,0,0,0,1,0,0,0,0,1,lauryn,laurynemily,0